outcome_id,action_id,factory_id,line_id,measured_at,observation_window,efficiency_before,efficiency_after,observed_efficiency_change,target_met_after,causal_claim_allowed,data_split,dataset_provenance
OUT-000001,ACT-000001,FAC-001,LINE-01,2025-01-05T18:00:00+00:00,next_workday,0.5535,0.7807,0.2272,0,False,train,synthetic
OUT-000002,ACT-000003,FAC-001,LINE-01,2025-01-11T18:00:00+00:00,next_workday,0.6687,0.72,0.0513,0,False,train,synthetic
OUT-000003,ACT-000004,FAC-001,LINE-01,2025-01-12T18:00:00+00:00,next_workday,0.72,0.8783,0.1583,0,False,train,synthetic
OUT-000004,ACT-000005,FAC-001,LINE-01,2025-01-13T18:00:00+00:00,next_workday,0.8783,0.7991,-0.0791,0,False,train,synthetic
OUT-000005,ACT-000007,FAC-001,LINE-01,2025-01-16T18:00:00+00:00,next_workday,0.3984,0.8886,0.4902,0,False,train,synthetic
OUT-000006,ACT-000008,FAC-001,LINE-01,2025-01-23T18:00:00+00:00,next_workday,0.9455,1.0024,0.0569,1,False,train,synthetic
OUT-000007,ACT-000009,FAC-001,LINE-01,2025-01-28T18:00:00+00:00,next_workday,0.7074,0.9035,0.1961,0,False,train,synthetic
OUT-000008,ACT-000010,FAC-001,LINE-01,2025-02-02T18:00:00+00:00,next_workday,0.8322,0.8652,0.033,0,False,train,synthetic
OUT-000009,ACT-000011,FAC-001,LINE-01,2025-02-03T18:00:00+00:00,next_workday,0.8652,0.9574,0.0922,0,False,train,synthetic
OUT-000010,ACT-000012,FAC-001,LINE-01,2025-02-04T18:00:00+00:00,next_workday,0.9574,1.0213,0.0639,1,False,train,synthetic
OUT-000011,ACT-000013,FAC-001,LINE-01,2025-02-10T18:00:00+00:00,next_workday,0.687,0.9148,0.2278,0,False,train,synthetic
OUT-000012,ACT-000014,FAC-001,LINE-01,2025-02-15T18:00:00+00:00,next_workday,0.7365,1.013,0.2765,1,False,train,synthetic
OUT-000013,ACT-000015,FAC-001,LINE-01,2025-02-17T18:00:00+00:00,next_workday,0.873,1.0435,0.1704,1,False,train,synthetic
OUT-000014,ACT-000016,FAC-001,LINE-01,2025-02-19T18:00:00+00:00,next_workday,0.9043,0.9582,0.0538,0,False,train,synthetic
OUT-000015,ACT-000017,FAC-001,LINE-01,2025-02-23T18:00:00+00:00,next_workday,0.7465,0.8667,0.1202,0,False,train,synthetic
OUT-000016,ACT-000018,FAC-001,LINE-01,2025-03-01T18:00:00+00:00,next_workday,0.936,0.9904,0.0545,0,False,train,synthetic
OUT-000017,ACT-000019,FAC-001,LINE-01,2025-03-04T18:00:00+00:00,next_workday,0.6657,0.7852,0.1196,0,False,train,synthetic
OUT-000018,ACT-000020,FAC-001,LINE-01,2025-03-05T18:00:00+00:00,next_workday,0.7852,0.9048,0.1196,0,False,train,synthetic
OUT-000019,ACT-000021,FAC-001,LINE-01,2025-03-06T18:00:00+00:00,next_workday,0.9048,0.7378,-0.167,0,False,train,synthetic
OUT-000020,ACT-000022,FAC-001,LINE-01,2025-03-08T18:00:00+00:00,next_workday,0.7378,0.9583,0.2204,0,False,train,synthetic
OUT-000021,ACT-000023,FAC-001,LINE-01,2025-03-16T18:00:00+00:00,next_workday,0.7365,0.7643,0.0278,0,False,train,synthetic
OUT-000022,ACT-000024,FAC-001,LINE-01,2025-03-17T18:00:00+00:00,next_workday,0.7643,0.9317,0.1674,0,False,train,synthetic
OUT-000023,ACT-000026,FAC-001,LINE-01,2025-03-22T18:00:00+00:00,next_workday,0.4904,1.0,0.5096,1,False,train,synthetic
OUT-000024,ACT-000027,FAC-001,LINE-01,2025-03-24T18:00:00+00:00,next_workday,0.6832,0.7723,0.0891,0,False,train,synthetic
OUT-000025,ACT-000028,FAC-001,LINE-01,2025-03-25T18:00:00+00:00,next_workday,0.7723,0.947,0.1748,0,False,train,synthetic
OUT-000026,ACT-000029,FAC-001,LINE-01,2025-04-03T18:00:00+00:00,next_workday,0.6917,0.8387,0.147,0,False,train,synthetic
OUT-000027,ACT-000030,FAC-001,LINE-01,2025-04-10T18:00:00+00:00,next_workday,0.641,0.675,0.034,0,False,train,synthetic
OUT-000028,ACT-000031,FAC-001,LINE-01,2025-04-12T18:00:00+00:00,next_workday,0.675,0.77,0.095,0,False,train,synthetic
OUT-000029,ACT-000032,FAC-001,LINE-01,2025-04-19T18:00:00+00:00,next_workday,0.6196,0.8365,0.217,0,False,train,synthetic
OUT-000030,ACT-000033,FAC-001,LINE-01,2025-04-22T18:00:00+00:00,next_workday,0.6235,0.9452,0.3217,0,False,train,synthetic
OUT-000031,ACT-000034,FAC-001,LINE-01,2025-04-23T18:00:00+00:00,next_workday,0.9452,1.0096,0.0643,1,False,train,synthetic
OUT-000032,ACT-000035,FAC-001,LINE-01,2025-04-27T18:00:00+00:00,next_workday,0.6858,0.8514,0.1655,0,False,train,synthetic
OUT-000033,ACT-000036,FAC-001,LINE-01,2025-04-29T18:00:00+00:00,next_workday,0.8892,1.0385,0.1493,1,False,train,synthetic
OUT-000034,ACT-000037,FAC-001,LINE-01,2025-05-05T18:00:00+00:00,next_workday,0.9054,0.8291,-0.0763,0,False,validation,synthetic
OUT-000035,ACT-000038,FAC-001,LINE-01,2025-05-10T18:00:00+00:00,next_workday,0.6845,0.901,0.2165,0,False,validation,synthetic
OUT-000036,ACT-000039,FAC-001,LINE-01,2025-05-18T18:00:00+00:00,next_workday,0.9592,0.9146,-0.0447,0,False,validation,synthetic
OUT-000037,ACT-000040,FAC-001,LINE-01,2025-05-19T18:00:00+00:00,next_workday,0.9146,0.9914,0.0768,0,False,validation,synthetic
OUT-000038,ACT-000042,FAC-001,LINE-01,2025-05-24T18:00:00+00:00,next_workday,0.7448,0.7304,-0.0143,0,False,validation,synthetic
OUT-000039,ACT-000043,FAC-001,LINE-01,2025-05-29T18:00:00+00:00,next_workday,0.9125,1.0,0.0875,1,False,validation,synthetic
OUT-000040,ACT-000044,FAC-001,LINE-01,2025-06-01T18:00:00+00:00,next_workday,0.6967,0.8542,0.1575,0,False,validation,synthetic
OUT-000041,ACT-000045,FAC-001,LINE-01,2025-06-11T18:00:00+00:00,next_workday,0.6088,0.8982,0.2895,0,False,test,synthetic
OUT-000042,ACT-000046,FAC-001,LINE-01,2025-06-14T18:00:00+00:00,next_workday,0.8956,0.9667,0.0711,0,False,test,synthetic
OUT-000043,ACT-000047,FAC-001,LINE-01,2025-06-19T18:00:00+00:00,next_workday,0.9579,1.0211,0.0632,1,False,test,synthetic
OUT-000044,ACT-000048,FAC-001,LINE-01,2025-06-22T18:00:00+00:00,next_workday,0.9193,1.0,0.0807,1,False,test,synthetic
OUT-000045,ACT-000051,FAC-001,LINE-02,2025-01-05T18:00:00+00:00,next_workday,0.7013,0.8157,0.1143,0,False,train,synthetic
OUT-000046,ACT-000052,FAC-001,LINE-02,2025-01-06T18:00:00+00:00,next_workday,0.8157,1.0322,0.2165,1,False,train,synthetic
OUT-000047,ACT-000053,FAC-001,LINE-02,2025-01-11T18:00:00+00:00,next_workday,0.7351,0.9245,0.1894,0,False,train,synthetic
OUT-000048,ACT-000054,FAC-001,LINE-02,2025-01-12T18:00:00+00:00,next_workday,0.9245,0.6989,-0.2255,0,False,train,synthetic
OUT-000049,ACT-000055,FAC-001,LINE-02,2025-01-13T18:00:00+00:00,next_workday,0.6989,0.9479,0.2489,0,False,train,synthetic
OUT-000050,ACT-000056,FAC-001,LINE-02,2025-01-15T18:00:00+00:00,next_workday,0.9117,1.0202,0.1085,1,False,train,synthetic
OUT-000051,ACT-000057,FAC-001,LINE-02,2025-01-21T18:00:00+00:00,next_workday,0.7045,0.8978,0.1933,0,False,train,synthetic
OUT-000052,ACT-000058,FAC-001,LINE-02,2025-01-30T18:00:00+00:00,next_workday,0.6496,0.6074,-0.0422,0,False,train,synthetic
OUT-000053,ACT-000059,FAC-001,LINE-02,2025-02-01T18:00:00+00:00,next_workday,0.6074,0.85,0.2426,0,False,train,synthetic
OUT-000054,ACT-000060,FAC-001,LINE-02,2025-02-03T18:00:00+00:00,next_workday,0.9117,1.0161,0.1043,1,False,train,synthetic
OUT-000055,ACT-000061,FAC-001,LINE-02,2025-02-05T18:00:00+00:00,next_workday,0.92,1.0013,0.0813,1,False,train,synthetic
OUT-000056,ACT-000062,FAC-001,LINE-02,2025-02-11T18:00:00+00:00,next_workday,0.7665,1.0,0.2335,1,False,train,synthetic
OUT-000057,ACT-000063,FAC-001,LINE-02,2025-02-13T18:00:00+00:00,next_workday,0.6874,0.81,0.1226,0,False,train,synthetic
OUT-000058,ACT-000065,FAC-001,LINE-02,2025-02-20T18:00:00+00:00,next_workday,0.9043,1.0,0.0957,1,False,train,synthetic
OUT-000059,ACT-000066,FAC-001,LINE-02,2025-02-23T18:00:00+00:00,next_workday,0.6571,0.8714,0.2143,0,False,train,synthetic
OUT-000060,ACT-000067,FAC-001,LINE-02,2025-02-25T18:00:00+00:00,next_workday,0.8923,1.0396,0.1473,1,False,train,synthetic
OUT-000061,ACT-000068,FAC-001,LINE-02,2025-03-08T18:00:00+00:00,next_workday,0.6748,0.8713,0.1965,0,False,train,synthetic
OUT-000062,ACT-000069,FAC-001,LINE-02,2025-03-17T18:00:00+00:00,next_workday,0.3887,0.8765,0.4878,0,False,train,synthetic
OUT-000063,ACT-000071,FAC-001,LINE-02,2025-03-23T18:00:00+00:00,next_workday,0.821,1.0,0.179,1,False,train,synthetic
OUT-000064,ACT-000072,FAC-001,LINE-02,2025-03-25T18:00:00+00:00,next_workday,0.597,0.9006,0.3036,0,False,train,synthetic
OUT-000065,ACT-000073,FAC-001,LINE-02,2025-03-29T18:00:00+00:00,next_workday,0.8588,0.7715,-0.0873,0,False,train,synthetic
OUT-000066,ACT-000074,FAC-001,LINE-02,2025-03-30T18:00:00+00:00,next_workday,0.7715,1.0,0.2285,1,False,train,synthetic
OUT-000067,ACT-000075,FAC-001,LINE-02,2025-04-01T18:00:00+00:00,next_workday,0.6614,0.8669,0.2055,0,False,train,synthetic
OUT-000068,ACT-000076,FAC-001,LINE-02,2025-04-09T18:00:00+00:00,next_workday,0.9528,0.9228,-0.0299,0,False,train,synthetic
OUT-000069,ACT-000077,FAC-001,LINE-02,2025-04-10T18:00:00+00:00,next_workday,0.9228,0.6008,-0.322,0,False,train,synthetic
OUT-000070,ACT-000078,FAC-001,LINE-02,2025-04-12T18:00:00+00:00,next_workday,0.6008,0.9561,0.3553,0,False,train,synthetic
OUT-000071,ACT-000079,FAC-001,LINE-02,2025-04-15T18:00:00+00:00,next_workday,0.4339,0.8452,0.4113,0,False,train,synthetic
OUT-000072,ACT-000080,FAC-001,LINE-02,2025-04-22T18:00:00+00:00,next_workday,0.6747,0.6791,0.0044,0,False,train,synthetic
OUT-000073,ACT-000081,FAC-001,LINE-02,2025-04-23T18:00:00+00:00,next_workday,0.6791,0.889,0.2099,0,False,train,synthetic
OUT-000074,ACT-000082,FAC-001,LINE-02,2025-04-24T18:00:00+00:00,next_workday,0.889,0.978,0.089,0,False,train,synthetic
OUT-000075,ACT-000084,FAC-001,LINE-02,2025-04-30T18:00:00+00:00,next_workday,0.9099,0.9775,0.0676,0,False,train,synthetic
OUT-000076,ACT-000085,FAC-001,LINE-02,2025-05-04T18:00:00+00:00,next_workday,0.6074,0.8974,0.29,0,False,validation,synthetic
OUT-000077,ACT-000086,FAC-001,LINE-02,2025-05-12T18:00:00+00:00,next_workday,0.6791,0.8861,0.207,0,False,validation,synthetic
OUT-000078,ACT-000087,FAC-001,LINE-02,2025-05-15T18:00:00+00:00,next_workday,0.9061,0.9757,0.0696,0,False,validation,synthetic
OUT-000079,ACT-000088,FAC-001,LINE-02,2025-05-17T18:00:00+00:00,next_workday,0.9757,0.8991,-0.0765,0,False,validation,synthetic
OUT-000080,ACT-000089,FAC-001,LINE-02,2025-05-18T18:00:00+00:00,next_workday,0.8991,0.8659,-0.0333,0,False,validation,synthetic
OUT-000081,ACT-000090,FAC-001,LINE-02,2025-05-20T18:00:00+00:00,next_workday,0.9091,1.0,0.0909,1,False,validation,synthetic
OUT-000082,ACT-000091,FAC-001,LINE-02,2025-05-22T18:00:00+00:00,next_workday,0.707,0.8739,0.167,0,False,validation,synthetic
OUT-000083,ACT-000092,FAC-001,LINE-02,2025-05-29T18:00:00+00:00,next_workday,0.8891,1.0,0.1109,1,False,validation,synthetic
OUT-000084,ACT-000093,FAC-001,LINE-02,2025-06-01T18:00:00+00:00,next_workday,0.6841,0.8819,0.1978,0,False,validation,synthetic
OUT-000085,ACT-000094,FAC-001,LINE-02,2025-06-04T18:00:00+00:00,next_workday,0.808,1.0283,0.2203,1,False,test,synthetic
OUT-000086,ACT-000095,FAC-001,LINE-02,2025-06-08T18:00:00+00:00,next_workday,0.6154,0.8,0.1846,0,False,test,synthetic
OUT-000087,ACT-000096,FAC-001,LINE-02,2025-06-09T18:00:00+00:00,next_workday,0.8,1.0,0.2,1,False,test,synthetic
OUT-000088,ACT-000097,FAC-001,LINE-02,2025-06-11T18:00:00+00:00,next_workday,0.7094,0.8439,0.1345,0,False,test,synthetic
OUT-000089,ACT-000098,FAC-001,LINE-02,2025-06-14T18:00:00+00:00,next_workday,0.5749,0.9702,0.3953,0,False,test,synthetic
OUT-000090,ACT-000102,FAC-001,LINE-03,2025-01-05T18:00:00+00:00,next_workday,0.6569,0.8674,0.2104,0,False,train,synthetic
OUT-000091,ACT-000103,FAC-001,LINE-03,2025-01-07T18:00:00+00:00,next_workday,0.8479,0.9021,0.0542,0,False,train,synthetic
OUT-000092,ACT-000104,FAC-001,LINE-03,2025-01-08T18:00:00+00:00,next_workday,0.9021,1.0146,0.1125,1,False,train,synthetic
OUT-000093,ACT-000105,FAC-001,LINE-03,2025-01-14T18:00:00+00:00,next_workday,0.6839,0.8044,0.1205,0,False,train,synthetic
OUT-000094,ACT-000106,FAC-001,LINE-03,2025-01-15T18:00:00+00:00,next_workday,0.8044,0.8849,0.0805,0,False,train,synthetic
OUT-000095,ACT-000107,FAC-001,LINE-03,2025-01-18T18:00:00+00:00,next_workday,0.8312,0.9955,0.1642,0,False,train,synthetic
OUT-000096,ACT-000108,FAC-001,LINE-03,2025-01-20T18:00:00+00:00,next_workday,0.75,1.0,0.25,1,False,train,synthetic
OUT-000097,ACT-000110,FAC-001,LINE-03,2025-02-02T18:00:00+00:00,next_workday,0.6726,0.9,0.2274,0,False,train,synthetic
OUT-000098,ACT-000111,FAC-001,LINE-03,2025-02-09T18:00:00+00:00,next_workday,0.4761,0.9308,0.4547,0,False,train,synthetic
OUT-000099,ACT-000112,FAC-001,LINE-03,2025-02-10T18:00:00+00:00,next_workday,0.9308,0.9222,-0.0085,0,False,train,synthetic
OUT-000100,ACT-000113,FAC-001,LINE-03,2025-02-12T18:00:00+00:00,next_workday,0.9282,0.8192,-0.109,0,False,train,synthetic
OUT-000101,ACT-000114,FAC-001,LINE-03,2025-02-13T18:00:00+00:00,next_workday,0.8192,0.932,0.1128,0,False,train,synthetic
OUT-000102,ACT-000115,FAC-001,LINE-03,2025-02-15T18:00:00+00:00,next_workday,0.932,1.0,0.068,1,False,train,synthetic
OUT-000103,ACT-000116,FAC-001,LINE-03,2025-02-17T18:00:00+00:00,next_workday,0.7285,0.7958,0.0674,0,False,train,synthetic
OUT-000104,ACT-000117,FAC-001,LINE-03,2025-02-22T18:00:00+00:00,next_workday,0.9156,0.963,0.0473,0,False,train,synthetic
OUT-000105,ACT-000118,FAC-001,LINE-03,2025-02-25T18:00:00+00:00,next_workday,0.6324,0.7575,0.1251,0,False,train,synthetic
OUT-000106,ACT-000119,FAC-001,LINE-03,2025-03-08T18:00:00+00:00,next_workday,0.7071,0.8714,0.1643,0,False,train,synthetic
OUT-000107,ACT-000120,FAC-001,LINE-03,2025-03-10T18:00:00+00:00,next_workday,0.5583,1.0143,0.456,1,False,train,synthetic
OUT-000108,ACT-000121,FAC-001,LINE-03,2025-03-17T18:00:00+00:00,next_workday,0.5883,0.8183,0.23,0,False,train,synthetic
OUT-000109,ACT-000122,FAC-001,LINE-03,2025-03-18T18:00:00+00:00,next_workday,0.8183,0.8587,0.0404,0,False,train,synthetic
OUT-000110,ACT-000123,FAC-001,LINE-03,2025-03-19T18:00:00+00:00,next_workday,0.8587,0.9687,0.11,0,False,train,synthetic
OUT-000111,ACT-000124,FAC-001,LINE-03,2025-03-30T18:00:00+00:00,next_workday,0.6839,0.9151,0.2312,0,False,train,synthetic
OUT-000112,ACT-000125,FAC-001,LINE-03,2025-04-06T18:00:00+00:00,next_workday,0.6333,0.9095,0.2762,0,False,train,synthetic
OUT-000113,ACT-000126,FAC-001,LINE-03,2025-04-08T18:00:00+00:00,next_workday,0.8607,0.7571,-0.1036,0,False,train,synthetic
OUT-000114,ACT-000127,FAC-001,LINE-03,2025-04-12T18:00:00+00:00,next_workday,0.8816,0.9474,0.0657,0,False,train,synthetic
OUT-000115,ACT-000129,FAC-001,LINE-03,2025-04-14T18:00:00+00:00,next_workday,0.5,1.0,0.5,1,False,train,synthetic
OUT-000116,ACT-000130,FAC-001,LINE-03,2025-04-16T18:00:00+00:00,next_workday,0.742,0.8618,0.1198,0,False,train,synthetic
OUT-000117,ACT-000131,FAC-001,LINE-03,2025-04-21T18:00:00+00:00,next_workday,0.6219,0.9434,0.3215,0,False,train,synthetic
OUT-000118,ACT-000132,FAC-001,LINE-03,2025-04-22T18:00:00+00:00,next_workday,0.9434,1.0,0.0566,1,False,train,synthetic
OUT-000119,ACT-000133,FAC-001,LINE-03,2025-04-24T18:00:00+00:00,next_workday,0.706,0.6821,-0.0239,0,False,train,synthetic
OUT-000120,ACT-000134,FAC-001,LINE-03,2025-04-26T18:00:00+00:00,next_workday,0.6821,0.9239,0.2419,0,False,train,synthetic
OUT-000121,ACT-000135,FAC-001,LINE-03,2025-05-08T18:00:00+00:00,next_workday,0.656,0.8821,0.2262,0,False,validation,synthetic
OUT-000122,ACT-000136,FAC-001,LINE-03,2025-05-17T18:00:00+00:00,next_workday,0.8964,1.0012,0.1048,1,False,validation,synthetic
OUT-000123,ACT-000137,FAC-001,LINE-03,2025-05-22T18:00:00+00:00,next_workday,0.613,0.9045,0.2915,0,False,validation,synthetic
OUT-000124,ACT-000138,FAC-001,LINE-03,2025-05-31T18:00:00+00:00,next_workday,0.8556,1.0381,0.1825,1,False,validation,synthetic
OUT-000125,ACT-000139,FAC-001,LINE-03,2025-06-03T18:00:00+00:00,next_workday,0.61,0.8543,0.2443,0,False,test,synthetic
OUT-000126,ACT-000140,FAC-001,LINE-03,2025-06-05T18:00:00+00:00,next_workday,0.8378,0.907,0.0691,0,False,test,synthetic
OUT-000127,ACT-000141,FAC-001,LINE-03,2025-06-07T18:00:00+00:00,next_workday,0.907,0.8987,-0.0083,0,False,test,synthetic
OUT-000128,ACT-000143,FAC-001,LINE-03,2025-06-14T18:00:00+00:00,next_workday,0.6586,1.0,0.3414,1,False,test,synthetic
OUT-000129,ACT-000144,FAC-001,LINE-03,2025-06-16T18:00:00+00:00,next_workday,0.7226,0.7726,0.05,0,False,test,synthetic
OUT-000130,ACT-000145,FAC-001,LINE-03,2025-06-19T18:00:00+00:00,next_workday,0.6774,1.0262,0.3488,1,False,test,synthetic
OUT-000131,ACT-000146,FAC-001,LINE-03,2025-06-25T18:00:00+00:00,next_workday,0.9202,0.8519,-0.0683,0,False,test,synthetic
OUT-000132,ACT-000147,FAC-001,LINE-03,2025-06-26T18:00:00+00:00,next_workday,0.8519,0.9604,0.1085,0,False,test,synthetic
OUT-000133,ACT-000148,FAC-001,LINE-03,2025-06-30T18:00:00+00:00,next_workday,0.553,0.8691,0.3161,0,False,test,synthetic
OUT-000134,ACT-000149,FAC-001,LINE-04,2025-01-05T18:00:00+00:00,next_workday,0.5697,0.8671,0.2974,0,False,train,synthetic
OUT-000135,ACT-000150,FAC-001,LINE-04,2025-01-09T18:00:00+00:00,next_workday,0.9,1.0132,0.1132,1,False,train,synthetic
OUT-000136,ACT-000151,FAC-001,LINE-04,2025-01-13T18:00:00+00:00,next_workday,0.9842,0.9718,-0.0124,0,False,train,synthetic
OUT-000137,ACT-000152,FAC-001,LINE-04,2025-01-14T18:00:00+00:00,next_workday,0.9718,1.0,0.0282,1,False,train,synthetic
OUT-000138,ACT-000153,FAC-001,LINE-04,2025-01-16T18:00:00+00:00,next_workday,0.4798,0.8831,0.4032,0,False,train,synthetic
OUT-000139,ACT-000154,FAC-001,LINE-04,2025-01-23T18:00:00+00:00,next_workday,0.6723,0.6398,-0.0325,0,False,train,synthetic
OUT-000140,ACT-000155,FAC-001,LINE-04,2025-01-25T18:00:00+00:00,next_workday,0.6398,0.9627,0.3229,0,False,train,synthetic
OUT-000141,ACT-000156,FAC-001,LINE-04,2025-01-27T18:00:00+00:00,next_workday,0.8687,1.0,0.1313,1,False,train,synthetic
OUT-000142,ACT-000157,FAC-001,LINE-04,2025-01-29T18:00:00+00:00,next_workday,0.5831,0.9217,0.3386,0,False,train,synthetic
OUT-000143,ACT-000158,FAC-001,LINE-04,2025-02-03T18:00:00+00:00,next_workday,0.912,1.0169,0.1048,1,False,train,synthetic
OUT-000144,ACT-000159,FAC-001,LINE-04,2025-02-06T18:00:00+00:00,next_workday,0.5826,1.0,0.4174,1,False,train,synthetic
OUT-000145,ACT-000160,FAC-001,LINE-04,2025-02-09T18:00:00+00:00,next_workday,0.6803,0.8934,0.2132,0,False,train,synthetic
OUT-000146,ACT-000161,FAC-001,LINE-04,2025-02-10T18:00:00+00:00,next_workday,0.8934,0.9355,0.0421,0,False,train,synthetic
OUT-000147,ACT-000162,FAC-001,LINE-04,2025-02-12T18:00:00+00:00,next_workday,0.9224,0.9039,-0.0184,0,False,train,synthetic
OUT-000148,ACT-000163,FAC-001,LINE-04,2025-02-13T18:00:00+00:00,next_workday,0.9039,0.8724,-0.0316,0,False,train,synthetic
OUT-000149,ACT-000164,FAC-001,LINE-04,2025-02-16T18:00:00+00:00,next_workday,0.9816,1.0618,0.0803,1,False,train,synthetic
OUT-000150,ACT-000165,FAC-001,LINE-04,2025-02-19T18:00:00+00:00,next_workday,0.9677,1.0,0.0323,1,False,train,synthetic
OUT-000151,ACT-000166,FAC-001,LINE-04,2025-02-22T18:00:00+00:00,next_workday,0.5791,0.8881,0.309,0,False,train,synthetic
OUT-000152,ACT-000167,FAC-001,LINE-04,2025-02-24T18:00:00+00:00,next_workday,0.9612,1.0015,0.0403,1,False,train,synthetic
OUT-000153,ACT-000168,FAC-001,LINE-04,2025-03-01T18:00:00+00:00,next_workday,0.8791,1.006,0.1269,1,False,train,synthetic
OUT-000154,ACT-000169,FAC-001,LINE-04,2025-03-04T18:00:00+00:00,next_workday,0.5821,0.7692,0.1872,0,False,train,synthetic
OUT-000155,ACT-000170,FAC-001,LINE-04,2025-03-06T18:00:00+00:00,next_workday,0.9778,1.0077,0.0299,1,False,train,synthetic
OUT-000156,ACT-000171,FAC-001,LINE-04,2025-03-11T18:00:00+00:00,next_workday,0.6337,0.9096,0.2759,0,False,train,synthetic
OUT-000157,ACT-000172,FAC-001,LINE-04,2025-03-16T18:00:00+00:00,next_workday,0.9193,1.0494,0.1301,1,False,train,synthetic
OUT-000158,ACT-000173,FAC-001,LINE-04,2025-03-20T18:00:00+00:00,next_workday,0.6549,0.8746,0.2197,0,False,train,synthetic
OUT-000159,ACT-000174,FAC-001,LINE-04,2025-03-22T18:00:00+00:00,next_workday,0.8746,0.962,0.0873,0,False,train,synthetic
OUT-000160,ACT-000175,FAC-001,LINE-04,2025-03-25T18:00:00+00:00,next_workday,0.9951,1.0,0.0049,1,False,train,synthetic
OUT-000161,ACT-000177,FAC-001,LINE-04,2025-03-29T18:00:00+00:00,next_workday,0.8701,0.9806,0.1104,0,False,train,synthetic
OUT-000162,ACT-000178,FAC-001,LINE-04,2025-03-30T18:00:00+00:00,next_workday,0.9806,0.997,0.0164,0,False,train,synthetic
OUT-000163,ACT-000179,FAC-001,LINE-04,2025-03-31T18:00:00+00:00,next_workday,0.997,1.0388,0.0418,1,False,train,synthetic
OUT-000164,ACT-000180,FAC-001,LINE-04,2025-04-02T18:00:00+00:00,next_workday,0.9119,0.9902,0.0783,0,False,train,synthetic
OUT-000165,ACT-000182,FAC-001,LINE-04,2025-04-07T18:00:00+00:00,next_workday,0.906,0.9217,0.0157,0,False,train,synthetic
OUT-000166,ACT-000183,FAC-001,LINE-04,2025-04-15T18:00:00+00:00,next_workday,0.6846,0.8865,0.2019,0,False,train,synthetic
OUT-000167,ACT-000184,FAC-001,LINE-04,2025-04-16T18:00:00+00:00,next_workday,0.8865,0.9904,0.1038,0,False,train,synthetic
OUT-000168,ACT-000185,FAC-001,LINE-04,2025-04-20T18:00:00+00:00,next_workday,0.5942,0.9846,0.3904,0,False,train,synthetic
OUT-000169,ACT-000186,FAC-001,LINE-04,2025-04-22T18:00:00+00:00,next_workday,0.96,1.0,0.04,1,False,train,synthetic
OUT-000170,ACT-000187,FAC-001,LINE-04,2025-04-24T18:00:00+00:00,next_workday,0.6419,0.8932,0.2513,0,False,train,synthetic
OUT-000171,ACT-000188,FAC-001,LINE-04,2025-04-29T18:00:00+00:00,next_workday,0.8598,1.0094,0.1496,1,False,train,synthetic
OUT-000172,ACT-000189,FAC-001,LINE-04,2025-05-04T18:00:00+00:00,next_workday,0.9228,1.0,0.0772,1,False,validation,synthetic
OUT-000173,ACT-000190,FAC-001,LINE-04,2025-05-06T18:00:00+00:00,next_workday,0.6288,0.7712,0.1425,0,False,validation,synthetic
OUT-000174,ACT-000191,FAC-001,LINE-04,2025-05-07T18:00:00+00:00,next_workday,0.7712,0.9788,0.2075,0,False,validation,synthetic
OUT-000175,ACT-000192,FAC-001,LINE-04,2025-05-08T18:00:00+00:00,next_workday,0.9788,0.9925,0.0138,0,False,validation,synthetic
OUT-000176,ACT-000193,FAC-001,LINE-04,2025-05-13T18:00:00+00:00,next_workday,0.9658,1.0,0.0342,1,False,validation,synthetic
OUT-000177,ACT-000194,FAC-001,LINE-04,2025-05-15T18:00:00+00:00,next_workday,0.686,0.782,0.096,0,False,validation,synthetic
OUT-000178,ACT-000195,FAC-001,LINE-04,2025-05-17T18:00:00+00:00,next_workday,0.782,0.913,0.131,0,False,validation,synthetic
OUT-000179,ACT-000197,FAC-001,LINE-04,2025-06-03T18:00:00+00:00,next_workday,0.7488,0.8975,0.1487,0,False,test,synthetic
OUT-000180,ACT-000198,FAC-001,LINE-04,2025-06-04T18:00:00+00:00,next_workday,0.8975,0.9637,0.0663,0,False,test,synthetic
OUT-000181,ACT-000199,FAC-001,LINE-04,2025-06-09T18:00:00+00:00,next_workday,0.9888,0.8725,-0.1162,0,False,test,synthetic
OUT-000182,ACT-000200,FAC-001,LINE-04,2025-06-10T18:00:00+00:00,next_workday,0.8725,1.0325,0.16,1,False,test,synthetic
OUT-000183,ACT-000202,FAC-001,LINE-04,2025-06-16T18:00:00+00:00,next_workday,0.8278,0.8013,-0.0266,0,False,test,synthetic
OUT-000184,ACT-000204,FAC-001,LINE-04,2025-06-21T18:00:00+00:00,next_workday,0.7696,0.938,0.1684,0,False,test,synthetic
OUT-000185,ACT-000207,FAC-001,LINE-04,2025-06-29T18:00:00+00:00,next_workday,0.8009,0.8744,0.0735,0,False,test,synthetic
OUT-000186,ACT-000210,FAC-001,LINE-05,2025-01-05T18:00:00+00:00,next_workday,0.6379,0.8319,0.194,0,False,train,synthetic
OUT-000187,ACT-000211,FAC-001,LINE-05,2025-01-06T18:00:00+00:00,next_workday,0.8319,0.6603,-0.1716,0,False,train,synthetic
OUT-000188,ACT-000212,FAC-001,LINE-05,2025-01-07T18:00:00+00:00,next_workday,0.6603,0.8603,0.2,0,False,train,synthetic
OUT-000189,ACT-000213,FAC-001,LINE-05,2025-01-08T18:00:00+00:00,next_workday,0.8603,1.0578,0.1974,1,False,train,synthetic
OUT-000190,ACT-000214,FAC-001,LINE-05,2025-01-12T18:00:00+00:00,next_workday,0.9336,0.9897,0.056,0,False,train,synthetic
OUT-000191,ACT-000215,FAC-001,LINE-05,2025-01-14T18:00:00+00:00,next_workday,0.7181,0.981,0.2629,0,False,train,synthetic
OUT-000192,ACT-000216,FAC-001,LINE-05,2025-01-16T18:00:00+00:00,next_workday,0.756,1.0,0.244,1,False,train,synthetic
OUT-000193,ACT-000217,FAC-001,LINE-05,2025-01-19T18:00:00+00:00,next_workday,0.6878,0.8189,0.1311,0,False,train,synthetic
OUT-000194,ACT-000218,FAC-001,LINE-05,2025-01-20T18:00:00+00:00,next_workday,0.8189,0.9581,0.1392,0,False,train,synthetic
OUT-000195,ACT-000219,FAC-001,LINE-05,2025-01-21T18:00:00+00:00,next_workday,0.9581,0.8351,-0.123,0,False,train,synthetic
OUT-000196,ACT-000220,FAC-001,LINE-05,2025-01-22T18:00:00+00:00,next_workday,0.8351,0.8986,0.0635,0,False,train,synthetic
OUT-000197,ACT-000221,FAC-001,LINE-05,2025-01-23T18:00:00+00:00,next_workday,0.8986,1.0486,0.15,1,False,train,synthetic
OUT-000198,ACT-000222,FAC-001,LINE-05,2025-01-27T18:00:00+00:00,next_workday,0.9568,0.9781,0.0214,0,False,train,synthetic
OUT-000199,ACT-000223,FAC-001,LINE-05,2025-01-30T18:00:00+00:00,next_workday,0.7043,0.8457,0.1415,0,False,train,synthetic
OUT-000200,ACT-000224,FAC-001,LINE-05,2025-02-03T18:00:00+00:00,next_workday,0.8915,1.0255,0.134,1,False,train,synthetic
OUT-000201,ACT-000225,FAC-001,LINE-05,2025-02-09T18:00:00+00:00,next_workday,0.759,0.8667,0.1077,0,False,train,synthetic
OUT-000202,ACT-000226,FAC-001,LINE-05,2025-02-11T18:00:00+00:00,next_workday,0.8936,1.0346,0.141,1,False,train,synthetic
OUT-000203,ACT-000227,FAC-001,LINE-05,2025-02-15T18:00:00+00:00,next_workday,0.9821,0.7637,-0.2184,0,False,train,synthetic
OUT-000204,ACT-000228,FAC-001,LINE-05,2025-02-16T18:00:00+00:00,next_workday,0.7637,0.9756,0.2119,0,False,train,synthetic
OUT-000205,ACT-000229,FAC-001,LINE-05,2025-02-19T18:00:00+00:00,next_workday,0.6359,0.8756,0.2397,0,False,train,synthetic
OUT-000206,ACT-000230,FAC-001,LINE-05,2025-02-22T18:00:00+00:00,next_workday,0.55,0.9962,0.4462,0,False,train,synthetic
OUT-000207,ACT-000231,FAC-001,LINE-05,2025-03-02T18:00:00+00:00,next_workday,0.7079,0.8651,0.1571,0,False,train,synthetic
OUT-000208,ACT-000234,FAC-001,LINE-05,2025-03-09T18:00:00+00:00,next_workday,0.5889,1.0,0.4111,1,False,train,synthetic
OUT-000209,ACT-000235,FAC-001,LINE-05,2025-03-11T18:00:00+00:00,next_workday,0.64,0.8691,0.2291,0,False,train,synthetic
OUT-000210,ACT-000236,FAC-001,LINE-05,2025-03-17T18:00:00+00:00,next_workday,0.8718,1.0,0.1282,1,False,train,synthetic
OUT-000211,ACT-000237,FAC-001,LINE-05,2025-03-19T18:00:00+00:00,next_workday,0.664,0.7773,0.1133,0,False,train,synthetic
OUT-000212,ACT-000238,FAC-001,LINE-05,2025-03-20T18:00:00+00:00,next_workday,0.7773,0.9467,0.1693,0,False,train,synthetic
OUT-000213,ACT-000239,FAC-001,LINE-05,2025-03-23T18:00:00+00:00,next_workday,0.88,0.9693,0.0893,0,False,train,synthetic
OUT-000214,ACT-000240,FAC-001,LINE-05,2025-03-26T18:00:00+00:00,next_workday,0.9187,0.9893,0.0707,0,False,train,synthetic
OUT-000215,ACT-000241,FAC-001,LINE-05,2025-03-31T18:00:00+00:00,next_workday,0.6173,0.572,-0.0453,0,False,train,synthetic
OUT-000216,ACT-000242,FAC-001,LINE-05,2025-04-01T18:00:00+00:00,next_workday,0.572,0.8973,0.3253,0,False,train,synthetic
OUT-000217,ACT-000243,FAC-001,LINE-05,2025-04-02T18:00:00+00:00,next_workday,0.8973,0.9187,0.0213,0,False,train,synthetic
OUT-000218,ACT-000244,FAC-001,LINE-05,2025-04-08T18:00:00+00:00,next_workday,0.6191,0.8479,0.2287,0,False,train,synthetic
OUT-000219,ACT-000245,FAC-001,LINE-05,2025-04-10T18:00:00+00:00,next_workday,0.8553,0.917,0.0617,0,False,train,synthetic
OUT-000220,ACT-000246,FAC-001,LINE-05,2025-04-12T18:00:00+00:00,next_workday,0.917,1.0489,0.1319,1,False,train,synthetic
OUT-000221,ACT-000247,FAC-001,LINE-05,2025-04-19T18:00:00+00:00,next_workday,0.5732,0.8789,0.3056,0,False,train,synthetic
OUT-000222,ACT-000248,FAC-001,LINE-05,2025-04-22T18:00:00+00:00,next_workday,0.9465,1.0282,0.0817,1,False,train,synthetic
OUT-000223,ACT-000249,FAC-001,LINE-05,2025-04-26T18:00:00+00:00,next_workday,0.931,1.0,0.069,1,False,train,synthetic
OUT-000224,ACT-000250,FAC-001,LINE-05,2025-04-28T18:00:00+00:00,next_workday,0.6764,0.7382,0.0618,0,False,train,synthetic
OUT-000225,ACT-000251,FAC-001,LINE-05,2025-04-29T18:00:00+00:00,next_workday,0.7382,0.9764,0.2382,0,False,train,synthetic
OUT-000226,ACT-000252,FAC-001,LINE-05,2025-05-03T18:00:00+00:00,next_workday,0.66,0.9782,0.3182,0,False,validation,synthetic
OUT-000227,ACT-000253,FAC-001,LINE-05,2025-05-05T18:00:00+00:00,next_workday,0.9593,1.0,0.0407,1,False,validation,synthetic
OUT-000228,ACT-000254,FAC-001,LINE-05,2025-05-07T18:00:00+00:00,next_workday,0.5577,0.9197,0.362,0,False,validation,synthetic
OUT-000229,ACT-000255,FAC-001,LINE-05,2025-05-11T18:00:00+00:00,next_workday,0.9099,1.0014,0.0915,1,False,validation,synthetic
OUT-000230,ACT-000256,FAC-001,LINE-05,2025-05-15T18:00:00+00:00,next_workday,0.8718,0.9155,0.0437,0,False,validation,synthetic
OUT-000231,ACT-000258,FAC-001,LINE-05,2025-05-19T18:00:00+00:00,next_workday,0.9151,0.8,-0.1151,0,False,validation,synthetic
OUT-000232,ACT-000260,FAC-001,LINE-05,2025-05-24T18:00:00+00:00,next_workday,0.488,0.9533,0.4653,0,False,validation,synthetic
OUT-000233,ACT-000261,FAC-001,LINE-05,2025-05-29T18:00:00+00:00,next_workday,0.9023,1.0,0.0977,1,False,validation,synthetic
OUT-000234,ACT-000262,FAC-001,LINE-05,2025-06-01T18:00:00+00:00,next_workday,0.6379,0.9318,0.2939,0,False,validation,synthetic
OUT-000235,ACT-000263,FAC-001,LINE-05,2025-06-03T18:00:00+00:00,next_workday,0.7576,0.8803,0.1227,0,False,test,synthetic
OUT-000236,ACT-000264,FAC-001,LINE-05,2025-06-04T18:00:00+00:00,next_workday,0.8803,1.0333,0.153,1,False,test,synthetic
OUT-000237,ACT-000265,FAC-001,LINE-05,2025-06-12T18:00:00+00:00,next_workday,0.9412,1.0,0.0588,1,False,test,synthetic
OUT-000238,ACT-000266,FAC-001,LINE-05,2025-06-15T18:00:00+00:00,next_workday,0.6784,0.806,0.1276,0,False,test,synthetic
OUT-000239,ACT-000268,FAC-001,LINE-05,2025-06-21T18:00:00+00:00,next_workday,0.6762,0.8365,0.1603,0,False,test,synthetic
OUT-000240,ACT-000270,FAC-001,LINE-05,2025-06-23T18:00:00+00:00,next_workday,0.9238,0.8952,-0.0286,0,False,test,synthetic
OUT-000241,ACT-000272,FAC-001,LINE-05,2025-06-30T18:00:00+00:00,next_workday,0.6882,0.9073,0.2191,0,False,test,synthetic
OUT-000242,ACT-000273,FAC-001,LINE-06,2025-01-05T18:00:00+00:00,next_workday,0.5612,0.7837,0.2224,0,False,train,synthetic
OUT-000243,ACT-000274,FAC-001,LINE-06,2025-01-06T18:00:00+00:00,next_workday,0.7837,0.8571,0.0735,0,False,train,synthetic
OUT-000244,ACT-000275,FAC-001,LINE-06,2025-01-07T18:00:00+00:00,next_workday,0.8571,0.7184,-0.1388,0,False,train,synthetic
OUT-000245,ACT-000276,FAC-001,LINE-06,2025-01-08T18:00:00+00:00,next_workday,0.7184,1.0102,0.2918,1,False,train,synthetic
OUT-000246,ACT-000277,FAC-001,LINE-06,2025-01-14T18:00:00+00:00,next_workday,0.5378,0.899,0.3612,0,False,train,synthetic
OUT-000247,ACT-000279,FAC-001,LINE-06,2025-01-25T18:00:00+00:00,next_workday,0.6655,0.8917,0.2262,0,False,train,synthetic
OUT-000248,ACT-000280,FAC-001,LINE-06,2025-01-28T18:00:00+00:00,next_workday,0.9452,1.0226,0.0774,1,False,train,synthetic
OUT-000249,ACT-000281,FAC-001,LINE-06,2025-02-01T18:00:00+00:00,next_workday,0.6414,0.7786,0.1371,0,False,train,synthetic
OUT-000250,ACT-000282,FAC-001,LINE-06,2025-02-02T18:00:00+00:00,next_workday,0.7786,0.89,0.1114,0,False,train,synthetic
OUT-000251,ACT-000283,FAC-001,LINE-06,2025-02-03T18:00:00+00:00,next_workday,0.89,1.0271,0.1371,1,False,train,synthetic
OUT-000252,ACT-000284,FAC-001,LINE-06,2025-02-05T18:00:00+00:00,next_workday,0.8557,1.0,0.1443,1,False,train,synthetic
OUT-000253,ACT-000285,FAC-001,LINE-06,2025-02-08T18:00:00+00:00,next_workday,0.5286,0.5561,0.0276,0,False,train,synthetic
OUT-000254,ACT-000286,FAC-001,LINE-06,2025-02-09T18:00:00+00:00,next_workday,0.5561,0.9827,0.4265,0,False,train,synthetic
OUT-000255,ACT-000287,FAC-001,LINE-06,2025-02-16T18:00:00+00:00,next_workday,0.8582,0.8535,-0.0046,0,False,train,synthetic
OUT-000256,ACT-000288,FAC-001,LINE-06,2025-02-18T18:00:00+00:00,next_workday,0.625,1.0,0.375,1,False,train,synthetic
OUT-000257,ACT-000289,FAC-001,LINE-06,2025-02-20T18:00:00+00:00,next_workday,0.702,0.8306,0.1286,0,False,train,synthetic
OUT-000258,ACT-000290,FAC-001,LINE-06,2025-02-24T18:00:00+00:00,next_workday,0.9357,1.0204,0.0847,1,False,train,synthetic
OUT-000259,ACT-000292,FAC-001,LINE-06,2025-03-01T18:00:00+00:00,next_workday,0.8533,0.9908,0.1375,0,False,train,synthetic
OUT-000260,ACT-000293,FAC-001,LINE-06,2025-03-02T18:00:00+00:00,next_workday,0.9908,1.0,0.0092,1,False,train,synthetic
OUT-000261,ACT-000294,FAC-001,LINE-06,2025-03-04T18:00:00+00:00,next_workday,0.4543,0.7757,0.3214,0,False,train,synthetic
OUT-000262,ACT-000295,FAC-001,LINE-06,2025-03-05T18:00:00+00:00,next_workday,0.7757,0.8086,0.0329,0,False,train,synthetic
OUT-000263,ACT-000296,FAC-001,LINE-06,2025-03-10T18:00:00+00:00,next_workday,0.5745,0.899,0.3245,0,False,train,synthetic
OUT-000264,ACT-000297,FAC-001,LINE-06,2025-03-16T18:00:00+00:00,next_workday,0.9811,0.9286,-0.0526,0,False,train,synthetic
OUT-000265,ACT-000298,FAC-001,LINE-06,2025-03-19T18:00:00+00:00,next_workday,0.5687,0.791,0.2224,0,False,train,synthetic
OUT-000266,ACT-000299,FAC-001,LINE-06,2025-03-20T18:00:00+00:00,next_workday,0.791,0.9448,0.1537,0,False,train,synthetic
OUT-000267,ACT-000301,FAC-001,LINE-06,2025-03-26T18:00:00+00:00,next_workday,0.7149,0.8959,0.1811,0,False,train,synthetic
OUT-000268,ACT-000302,FAC-001,LINE-06,2025-03-31T18:00:00+00:00,next_workday,0.5959,0.9892,0.3932,0,False,train,synthetic
OUT-000269,ACT-000303,FAC-001,LINE-06,2025-04-02T18:00:00+00:00,next_workday,0.727,0.9556,0.2286,0,False,train,synthetic
OUT-000270,ACT-000304,FAC-001,LINE-06,2025-04-06T18:00:00+00:00,next_workday,0.6731,0.9163,0.2433,0,False,train,synthetic
OUT-000271,ACT-000305,FAC-001,LINE-06,2025-04-08T18:00:00+00:00,next_workday,0.9413,0.8567,-0.0846,0,False,train,synthetic
OUT-000272,ACT-000306,FAC-001,LINE-06,2025-04-09T18:00:00+00:00,next_workday,0.8567,0.9808,0.124,0,False,train,synthetic
OUT-000273,ACT-000307,FAC-001,LINE-06,2025-04-14T18:00:00+00:00,next_workday,0.6673,0.9635,0.2962,0,False,train,synthetic
OUT-000274,ACT-000309,FAC-001,LINE-06,2025-04-20T18:00:00+00:00,next_workday,0.9153,0.8288,-0.0864,0,False,train,synthetic
OUT-000275,ACT-000310,FAC-001,LINE-06,2025-04-21T18:00:00+00:00,next_workday,0.8288,0.9932,0.1644,0,False,train,synthetic
OUT-000276,ACT-000311,FAC-001,LINE-06,2025-04-30T18:00:00+00:00,next_workday,0.6582,0.8866,0.2284,0,False,train,synthetic
OUT-000277,ACT-000312,FAC-001,LINE-06,2025-05-05T18:00:00+00:00,next_workday,0.9348,1.0,0.0652,1,False,validation,synthetic
OUT-000278,ACT-000313,FAC-001,LINE-06,2025-05-07T18:00:00+00:00,next_workday,0.6486,0.9014,0.2527,0,False,validation,synthetic
OUT-000279,ACT-000314,FAC-001,LINE-06,2025-05-13T18:00:00+00:00,next_workday,0.9419,0.9351,-0.0068,0,False,validation,synthetic
OUT-000280,ACT-000315,FAC-001,LINE-06,2025-05-18T18:00:00+00:00,next_workday,0.6892,0.8747,0.1855,0,False,validation,synthetic
OUT-000281,ACT-000316,FAC-001,LINE-06,2025-05-25T18:00:00+00:00,next_workday,0.7364,0.9265,0.19,0,False,validation,synthetic
OUT-000282,ACT-000317,FAC-001,LINE-06,2025-05-26T18:00:00+00:00,next_workday,0.9265,1.0,0.0735,1,False,validation,synthetic
OUT-000283,ACT-000318,FAC-001,LINE-06,2025-05-28T18:00:00+00:00,next_workday,0.6607,0.8786,0.2179,0,False,validation,synthetic
OUT-000284,ACT-000320,FAC-001,LINE-06,2025-06-03T18:00:00+00:00,next_workday,0.9625,0.9821,0.0196,0,False,test,synthetic
OUT-000285,ACT-000321,FAC-001,LINE-06,2025-06-04T18:00:00+00:00,next_workday,0.9821,1.0018,0.0196,1,False,test,synthetic
OUT-000286,ACT-000322,FAC-001,LINE-06,2025-06-08T18:00:00+00:00,next_workday,0.9111,1.0,0.0889,1,False,test,synthetic
OUT-000287,ACT-000323,FAC-001,LINE-06,2025-06-10T18:00:00+00:00,next_workday,0.7432,0.927,0.1838,0,False,test,synthetic
OUT-000288,ACT-000324,FAC-001,LINE-06,2025-06-14T18:00:00+00:00,next_workday,0.9257,0.95,0.0243,0,False,test,synthetic
OUT-000289,ACT-000325,FAC-001,LINE-06,2025-06-18T18:00:00+00:00,next_workday,0.6014,0.87,0.2686,0,False,test,synthetic
OUT-000290,ACT-000326,FAC-001,LINE-06,2025-06-26T18:00:00+00:00,next_workday,0.6747,0.8133,0.1386,0,False,test,synthetic
OUT-000291,ACT-000327,FAC-001,LINE-06,2025-06-28T18:00:00+00:00,next_workday,0.8133,0.9711,0.1578,0,False,test,synthetic
OUT-000292,ACT-000328,FAC-001,LINE-07,2025-01-05T18:00:00+00:00,next_workday,0.6707,0.804,0.1333,0,False,train,synthetic
OUT-000293,ACT-000329,FAC-001,LINE-07,2025-01-06T18:00:00+00:00,next_workday,0.804,0.88,0.076,0,False,train,synthetic
OUT-000294,ACT-000330,FAC-001,LINE-07,2025-01-11T18:00:00+00:00,next_workday,0.9587,0.788,-0.1707,0,False,train,synthetic
OUT-000295,ACT-000331,FAC-001,LINE-07,2025-01-18T18:00:00+00:00,next_workday,0.6233,0.8629,0.2397,0,False,train,synthetic
OUT-000296,ACT-000332,FAC-001,LINE-07,2025-01-27T18:00:00+00:00,next_workday,0.8759,0.8588,-0.0171,0,False,train,synthetic
OUT-000297,ACT-000333,FAC-001,LINE-07,2025-01-28T18:00:00+00:00,next_workday,0.8588,0.9897,0.1309,0,False,train,synthetic
OUT-000298,ACT-000334,FAC-001,LINE-07,2025-01-29T18:00:00+00:00,next_workday,0.9897,1.0,0.0103,1,False,train,synthetic
OUT-000299,ACT-000335,FAC-001,LINE-07,2025-02-01T18:00:00+00:00,next_workday,0.63,0.8357,0.2057,0,False,train,synthetic
OUT-000300,ACT-000336,FAC-001,LINE-07,2025-02-05T18:00:00+00:00,next_workday,0.8871,0.99,0.1029,0,False,train,synthetic
OUT-000301,ACT-000337,FAC-001,LINE-07,2025-02-09T18:00:00+00:00,next_workday,0.8986,0.8364,-0.0622,0,False,train,synthetic
OUT-000302,ACT-000338,FAC-001,LINE-07,2025-02-10T18:00:00+00:00,next_workday,0.8364,0.8889,0.0525,0,False,train,synthetic
OUT-000303,ACT-000339,FAC-001,LINE-07,2025-02-11T18:00:00+00:00,next_workday,0.8889,1.0,0.1111,1,False,train,synthetic
OUT-000304,ACT-000340,FAC-001,LINE-07,2025-02-13T18:00:00+00:00,next_workday,0.7541,0.852,0.098,0,False,train,synthetic
OUT-000305,ACT-000341,FAC-001,LINE-07,2025-02-18T18:00:00+00:00,next_workday,0.7959,1.0337,0.2378,1,False,train,synthetic
OUT-000306,ACT-000342,FAC-001,LINE-07,2025-02-20T18:00:00+00:00,next_workday,0.8571,0.9571,0.1,0,False,train,synthetic
OUT-000307,ACT-000343,FAC-001,LINE-07,2025-02-24T18:00:00+00:00,next_workday,0.9191,1.0,0.0809,1,False,train,synthetic
OUT-000308,ACT-000345,FAC-001,LINE-07,2025-02-27T18:00:00+00:00,next_workday,0.8172,0.9336,0.1164,0,False,train,synthetic
OUT-000309,ACT-000346,FAC-001,LINE-07,2025-03-06T18:00:00+00:00,next_workday,0.9293,1.0,0.0707,1,False,train,synthetic
OUT-000310,ACT-000347,FAC-001,LINE-07,2025-03-09T18:00:00+00:00,next_workday,0.6164,0.8819,0.2655,0,False,train,synthetic
OUT-000311,ACT-000348,FAC-001,LINE-07,2025-03-11T18:00:00+00:00,next_workday,0.6983,1.0259,0.3276,1,False,train,synthetic
OUT-000312,ACT-000349,FAC-001,LINE-07,2025-03-17T18:00:00+00:00,next_workday,0.9888,1.0,0.0112,1,False,train,synthetic
OUT-000313,ACT-000351,FAC-001,LINE-07,2025-03-20T18:00:00+00:00,next_workday,0.8169,0.9771,0.1602,0,False,train,synthetic
OUT-000314,ACT-000352,FAC-001,LINE-07,2025-03-27T18:00:00+00:00,next_workday,0.5063,0.8063,0.3,0,False,train,synthetic
OUT-000315,ACT-000353,FAC-001,LINE-07,2025-03-29T18:00:00+00:00,next_workday,0.8063,0.8127,0.0063,0,False,train,synthetic
OUT-000316,ACT-000355,FAC-001,LINE-07,2025-03-31T18:00:00+00:00,next_workday,0.8886,1.0152,0.1266,1,False,train,synthetic
OUT-000317,ACT-000356,FAC-001,LINE-07,2025-04-02T18:00:00+00:00,next_workday,0.9367,0.9696,0.0329,0,False,train,synthetic
OUT-000318,ACT-000357,FAC-001,LINE-07,2025-04-03T18:00:00+00:00,next_workday,0.9696,0.7202,-0.2494,0,False,train,synthetic
OUT-000319,ACT-000358,FAC-001,LINE-07,2025-04-05T18:00:00+00:00,next_workday,0.7202,0.8696,0.1494,0,False,train,synthetic
OUT-000320,ACT-000359,FAC-001,LINE-07,2025-04-06T18:00:00+00:00,next_workday,0.8696,1.0,0.1304,1,False,train,synthetic
OUT-000321,ACT-000360,FAC-001,LINE-07,2025-04-08T18:00:00+00:00,next_workday,0.6699,0.453,-0.2169,0,False,train,synthetic
OUT-000322,ACT-000361,FAC-001,LINE-07,2025-04-09T18:00:00+00:00,next_workday,0.453,0.8916,0.4386,0,False,train,synthetic
OUT-000323,ACT-000362,FAC-001,LINE-07,2025-04-16T18:00:00+00:00,next_workday,0.9386,0.9964,0.0578,0,False,train,synthetic
OUT-000324,ACT-000363,FAC-001,LINE-07,2025-04-19T18:00:00+00:00,next_workday,0.9765,1.0,0.0235,1,False,train,synthetic
OUT-000325,ACT-000364,FAC-001,LINE-07,2025-04-21T18:00:00+00:00,next_workday,0.6545,0.8927,0.2382,0,False,train,synthetic
OUT-000326,ACT-000365,FAC-001,LINE-07,2025-04-22T18:00:00+00:00,next_workday,0.8927,0.9398,0.0472,0,False,train,synthetic
OUT-000327,ACT-000367,FAC-001,LINE-07,2025-05-03T18:00:00+00:00,next_workday,0.8966,1.0241,0.1276,1,False,validation,synthetic
OUT-000328,ACT-000368,FAC-001,LINE-07,2025-05-08T18:00:00+00:00,next_workday,0.7019,0.8038,0.1019,0,False,validation,synthetic
OUT-000329,ACT-000369,FAC-001,LINE-07,2025-05-10T18:00:00+00:00,next_workday,0.8038,0.9615,0.1577,0,False,validation,synthetic
OUT-000330,ACT-000370,FAC-001,LINE-07,2025-05-12T18:00:00+00:00,next_workday,0.8635,0.9096,0.0462,0,False,validation,synthetic
OUT-000331,ACT-000371,FAC-001,LINE-07,2025-05-13T18:00:00+00:00,next_workday,0.9096,1.0173,0.1077,1,False,validation,synthetic
OUT-000332,ACT-000372,FAC-001,LINE-07,2025-05-17T18:00:00+00:00,next_workday,0.9538,0.9381,-0.0158,0,False,validation,synthetic
OUT-000333,ACT-000373,FAC-001,LINE-07,2025-05-20T18:00:00+00:00,next_workday,0.5211,0.9008,0.3797,0,False,validation,synthetic
OUT-000334,ACT-000374,FAC-001,LINE-07,2025-06-01T18:00:00+00:00,next_workday,0.6318,0.9258,0.2939,0,False,validation,synthetic
OUT-000335,ACT-000375,FAC-001,LINE-07,2025-06-03T18:00:00+00:00,next_workday,0.9697,0.9652,-0.0045,0,False,test,synthetic
OUT-000336,ACT-000376,FAC-001,LINE-07,2025-06-04T18:00:00+00:00,next_workday,0.9652,1.0,0.0348,1,False,test,synthetic
OUT-000337,ACT-000377,FAC-001,LINE-07,2025-06-07T18:00:00+00:00,next_workday,0.6237,0.8,0.1763,0,False,test,synthetic
OUT-000338,ACT-000378,FAC-001,LINE-07,2025-06-14T18:00:00+00:00,next_workday,0.7342,1.0,0.2658,1,False,test,synthetic
OUT-000339,ACT-000379,FAC-001,LINE-07,2025-06-16T18:00:00+00:00,next_workday,0.7664,0.8534,0.0871,0,False,test,synthetic
OUT-000340,ACT-000380,FAC-001,LINE-07,2025-06-18T18:00:00+00:00,next_workday,0.8802,1.0069,0.1267,1,False,test,synthetic
OUT-000341,ACT-000381,FAC-001,LINE-07,2025-06-23T18:00:00+00:00,next_workday,0.9241,0.9759,0.0517,0,False,test,synthetic
OUT-000342,ACT-000382,FAC-001,LINE-07,2025-06-28T18:00:00+00:00,next_workday,0.6835,0.8823,0.1987,0,False,test,synthetic
OUT-000343,ACT-000383,FAC-001,LINE-07,2025-06-29T18:00:00+00:00,next_workday,0.8823,0.8392,-0.043,0,False,test,synthetic
OUT-000344,ACT-000384,FAC-001,LINE-07,2025-06-30T18:00:00+00:00,next_workday,0.8392,1.0089,0.1696,1,False,test,synthetic
OUT-000345,ACT-000385,FAC-001,LINE-08,2025-01-05T18:00:00+00:00,next_workday,0.6692,0.8895,0.2203,0,False,train,synthetic
OUT-000346,ACT-000386,FAC-001,LINE-08,2025-01-11T18:00:00+00:00,next_workday,0.5988,0.9073,0.3085,0,False,train,synthetic
OUT-000347,ACT-000388,FAC-001,LINE-08,2025-01-18T18:00:00+00:00,next_workday,0.9537,1.0122,0.0585,1,False,train,synthetic
OUT-000348,ACT-000389,FAC-001,LINE-08,2025-01-21T18:00:00+00:00,next_workday,0.6208,0.9062,0.2854,0,False,train,synthetic
OUT-000349,ACT-000391,FAC-001,LINE-08,2025-01-28T18:00:00+00:00,next_workday,0.9375,1.0,0.0625,1,False,train,synthetic
OUT-000350,ACT-000392,FAC-001,LINE-08,2025-01-30T18:00:00+00:00,next_workday,0.668,0.841,0.173,0,False,train,synthetic
OUT-000351,ACT-000393,FAC-001,LINE-08,2025-02-02T18:00:00+00:00,next_workday,0.566,0.964,0.398,0,False,train,synthetic
OUT-000352,ACT-000394,FAC-001,LINE-08,2025-02-06T18:00:00+00:00,next_workday,0.906,0.876,-0.03,0,False,train,synthetic
OUT-000353,ACT-000395,FAC-001,LINE-08,2025-02-08T18:00:00+00:00,next_workday,0.876,1.0,0.124,1,False,train,synthetic
OUT-000354,ACT-000397,FAC-001,LINE-08,2025-02-12T18:00:00+00:00,next_workday,0.9417,0.8688,-0.0729,0,False,train,synthetic
OUT-000355,ACT-000399,FAC-001,LINE-08,2025-02-17T18:00:00+00:00,next_workday,0.9792,0.8125,-0.1667,0,False,train,synthetic
OUT-000356,ACT-000400,FAC-001,LINE-08,2025-02-18T18:00:00+00:00,next_workday,0.8125,1.0,0.1875,1,False,train,synthetic
OUT-000357,ACT-000401,FAC-001,LINE-08,2025-02-20T18:00:00+00:00,next_workday,0.733,0.8239,0.0908,0,False,train,synthetic
OUT-000358,ACT-000402,FAC-001,LINE-08,2025-03-02T18:00:00+00:00,next_workday,0.8946,0.95,0.0554,0,False,train,synthetic
OUT-000359,ACT-000403,FAC-001,LINE-08,2025-03-05T18:00:00+00:00,next_workday,0.4564,0.9206,0.4642,0,False,train,synthetic
OUT-000360,ACT-000404,FAC-001,LINE-08,2025-03-12T18:00:00+00:00,next_workday,0.6523,0.8955,0.2432,0,False,train,synthetic
OUT-000361,ACT-000405,FAC-001,LINE-08,2025-03-17T18:00:00+00:00,next_workday,0.9245,0.951,0.0265,0,False,train,synthetic
OUT-000362,ACT-000406,FAC-001,LINE-08,2025-03-20T18:00:00+00:00,next_workday,0.9361,0.9807,0.0446,0,False,train,synthetic
OUT-000363,ACT-000407,FAC-001,LINE-08,2025-03-24T18:00:00+00:00,next_workday,0.6981,0.9269,0.2288,0,False,train,synthetic
OUT-000364,ACT-000408,FAC-001,LINE-08,2025-03-29T18:00:00+00:00,next_workday,0.8889,1.0,0.1111,1,False,train,synthetic
OUT-000365,ACT-000409,FAC-001,LINE-08,2025-03-31T18:00:00+00:00,next_workday,0.7189,0.9041,0.1851,0,False,train,synthetic
OUT-000366,ACT-000410,FAC-001,LINE-08,2025-04-09T18:00:00+00:00,next_workday,0.9973,1.0,0.0027,1,False,train,synthetic
OUT-000367,ACT-000411,FAC-001,LINE-08,2025-04-12T18:00:00+00:00,next_workday,0.6691,0.7782,0.1091,0,False,train,synthetic
OUT-000368,ACT-000412,FAC-001,LINE-08,2025-04-13T18:00:00+00:00,next_workday,0.7782,0.9345,0.1564,0,False,train,synthetic
OUT-000369,ACT-000413,FAC-001,LINE-08,2025-04-14T18:00:00+00:00,next_workday,0.9345,1.02,0.0855,1,False,train,synthetic
OUT-000370,ACT-000414,FAC-001,LINE-08,2025-04-21T18:00:00+00:00,next_workday,0.9109,1.0,0.0891,1,False,train,synthetic
OUT-000371,ACT-000415,FAC-001,LINE-08,2025-04-27T18:00:00+00:00,next_workday,0.9368,0.9776,0.0408,0,False,train,synthetic
OUT-000372,ACT-000416,FAC-001,LINE-08,2025-04-30T18:00:00+00:00,next_workday,0.6135,0.7885,0.175,0,False,train,synthetic
OUT-000373,ACT-000417,FAC-001,LINE-08,2025-05-01T18:00:00+00:00,next_workday,0.7885,0.9106,0.1221,0,False,train,synthetic
OUT-000374,ACT-000418,FAC-001,LINE-08,2025-05-05T18:00:00+00:00,next_workday,0.9837,0.8481,-0.1356,0,False,validation,synthetic
OUT-000375,ACT-000419,FAC-001,LINE-08,2025-05-06T18:00:00+00:00,next_workday,0.8481,0.9663,0.1183,0,False,validation,synthetic
OUT-000376,ACT-000421,FAC-001,LINE-08,2025-05-12T18:00:00+00:00,next_workday,0.8636,0.84,-0.0236,0,False,validation,synthetic
OUT-000377,ACT-000422,FAC-001,LINE-08,2025-05-14T18:00:00+00:00,next_workday,0.9709,1.0091,0.0382,1,False,validation,synthetic
OUT-000378,ACT-000423,FAC-001,LINE-08,2025-05-17T18:00:00+00:00,next_workday,0.9383,0.9286,-0.0098,0,False,validation,synthetic
OUT-000379,ACT-000424,FAC-001,LINE-08,2025-05-20T18:00:00+00:00,next_workday,0.6457,0.7819,0.1362,0,False,validation,synthetic
OUT-000380,ACT-000425,FAC-001,LINE-08,2025-05-21T18:00:00+00:00,next_workday,0.7819,0.8667,0.0848,0,False,validation,synthetic
OUT-000381,ACT-000426,FAC-001,LINE-08,2025-05-22T18:00:00+00:00,next_workday,0.8667,1.0286,0.1619,1,False,validation,synthetic
OUT-000382,ACT-000427,FAC-001,LINE-08,2025-05-25T18:00:00+00:00,next_workday,0.9133,0.8619,-0.0514,0,False,validation,synthetic
OUT-000383,ACT-000428,FAC-001,LINE-08,2025-05-26T18:00:00+00:00,next_workday,0.8619,1.019,0.1571,1,False,validation,synthetic
OUT-000384,ACT-000429,FAC-001,LINE-08,2025-05-28T18:00:00+00:00,next_workday,0.9496,1.0,0.0504,1,False,validation,synthetic
OUT-000385,ACT-000430,FAC-001,LINE-08,2025-05-31T18:00:00+00:00,next_workday,0.6083,0.9104,0.3021,0,False,validation,synthetic
OUT-000386,ACT-000431,FAC-001,LINE-08,2025-06-07T18:00:00+00:00,next_workday,0.8313,0.9021,0.0708,0,False,test,synthetic
OUT-000387,ACT-000432,FAC-001,LINE-08,2025-06-09T18:00:00+00:00,next_workday,0.8625,0.8583,-0.0042,0,False,test,synthetic
OUT-000388,ACT-000433,FAC-001,LINE-08,2025-06-10T18:00:00+00:00,next_workday,0.8583,0.903,0.0447,0,False,test,synthetic
OUT-000389,ACT-000434,FAC-001,LINE-08,2025-06-11T18:00:00+00:00,next_workday,0.903,0.6667,-0.2363,0,False,test,synthetic
OUT-000390,ACT-000435,FAC-001,LINE-08,2025-06-12T18:00:00+00:00,next_workday,0.6667,1.0,0.3333,1,False,test,synthetic
OUT-000391,ACT-000437,FAC-001,LINE-08,2025-06-22T18:00:00+00:00,next_workday,0.9174,1.0,0.0826,1,False,test,synthetic
OUT-000392,ACT-000438,FAC-001,LINE-08,2025-06-24T18:00:00+00:00,next_workday,0.678,0.8329,0.1549,0,False,test,synthetic
OUT-000393,ACT-000439,FAC-001,LINE-08,2025-06-25T18:00:00+00:00,next_workday,0.8329,0.9671,0.1341,0,False,test,synthetic
OUT-000394,ACT-000440,FAC-001,LINE-08,2025-06-29T18:00:00+00:00,next_workday,0.9134,1.0122,0.0988,1,False,test,synthetic
