attendance_id,factory_id,work_date,line_id,planned_workers,present_workers,skilled_present_workers,absence_rate,data_split,dataset_provenance
ATT-000001,FAC-001,2025-01-04,LINE-01,50,46,46,0.08,train,synthetic
ATT-000002,FAC-001,2025-01-05,LINE-01,50,47,44,0.06,train,synthetic
ATT-000003,FAC-001,2025-01-06,LINE-01,49,48,48,0.0204,train,synthetic
ATT-000004,FAC-001,2025-01-07,LINE-01,49,46,44,0.0612,train,synthetic
ATT-000005,FAC-001,2025-01-08,LINE-01,46,43,40,0.0652,train,synthetic
ATT-000006,FAC-001,2025-01-09,LINE-01,46,44,41,0.0435,train,synthetic
ATT-000007,FAC-001,2025-01-11,LINE-01,46,45,45,0.0217,train,synthetic
ATT-000008,FAC-001,2025-01-12,LINE-01,47,41,39,0.1277,train,synthetic
ATT-000009,FAC-001,2025-01-13,LINE-01,50,47,46,0.06,train,synthetic
ATT-000010,FAC-001,2025-01-14,LINE-01,49,48,45,0.0204,train,synthetic
ATT-000011,FAC-001,2025-01-15,LINE-01,48,47,46,0.0208,train,synthetic
ATT-000012,FAC-001,2025-01-16,LINE-01,49,47,44,0.0408,train,synthetic
ATT-000013,FAC-001,2025-01-18,LINE-01,47,45,42,0.0426,train,synthetic
ATT-000014,FAC-001,2025-01-19,LINE-01,50,48,46,0.04,train,synthetic
ATT-000015,FAC-001,2025-01-20,LINE-01,46,43,40,0.0652,train,synthetic
ATT-000016,FAC-001,2025-01-21,LINE-01,48,47,45,0.0208,train,synthetic
ATT-000017,FAC-001,2025-01-22,LINE-01,50,48,47,0.04,train,synthetic
ATT-000018,FAC-001,2025-01-23,LINE-01,48,45,42,0.0625,train,synthetic
ATT-000019,FAC-001,2025-01-25,LINE-01,46,44,43,0.0435,train,synthetic
ATT-000020,FAC-001,2025-01-26,LINE-01,49,48,45,0.0204,train,synthetic
ATT-000021,FAC-001,2025-01-27,LINE-01,49,47,46,0.0408,train,synthetic
ATT-000022,FAC-001,2025-01-28,LINE-01,49,48,45,0.0204,train,synthetic
ATT-000023,FAC-001,2025-01-29,LINE-01,48,47,46,0.0208,train,synthetic
ATT-000024,FAC-001,2025-01-30,LINE-01,48,47,46,0.0208,train,synthetic
ATT-000025,FAC-001,2025-02-01,LINE-01,50,44,43,0.12,train,synthetic
ATT-000026,FAC-001,2025-02-02,LINE-01,50,43,41,0.14,train,synthetic
ATT-000027,FAC-001,2025-02-03,LINE-01,50,44,44,0.12,train,synthetic
ATT-000028,FAC-001,2025-02-04,LINE-01,46,44,42,0.0435,train,synthetic
ATT-000029,FAC-001,2025-02-05,LINE-01,50,49,48,0.02,train,synthetic
ATT-000030,FAC-001,2025-02-06,LINE-01,46,43,43,0.0652,train,synthetic
ATT-000031,FAC-001,2025-02-08,LINE-01,50,48,48,0.04,train,synthetic
ATT-000032,FAC-001,2025-02-09,LINE-01,47,46,45,0.0213,train,synthetic
ATT-000033,FAC-001,2025-02-10,LINE-01,46,45,44,0.0217,train,synthetic
ATT-000034,FAC-001,2025-02-11,LINE-01,48,46,43,0.0417,train,synthetic
ATT-000035,FAC-001,2025-02-12,LINE-01,47,44,42,0.0638,train,synthetic
ATT-000036,FAC-001,2025-02-13,LINE-01,50,48,45,0.04,train,synthetic
ATT-000037,FAC-001,2025-02-15,LINE-01,50,48,47,0.04,train,synthetic
ATT-000038,FAC-001,2025-02-16,LINE-01,47,40,40,0.1489,train,synthetic
ATT-000039,FAC-001,2025-02-17,LINE-01,46,45,43,0.0217,train,synthetic
ATT-000040,FAC-001,2025-02-18,LINE-01,50,44,44,0.12,train,synthetic
ATT-000041,FAC-001,2025-02-19,LINE-01,48,44,44,0.0833,train,synthetic
ATT-000042,FAC-001,2025-02-20,LINE-01,48,44,41,0.0833,train,synthetic
ATT-000043,FAC-001,2025-02-22,LINE-01,50,49,49,0.02,train,synthetic
ATT-000044,FAC-001,2025-02-23,LINE-01,50,49,47,0.02,train,synthetic
ATT-000045,FAC-001,2025-02-24,LINE-01,47,45,45,0.0426,train,synthetic
ATT-000046,FAC-001,2025-02-25,LINE-01,50,47,47,0.06,train,synthetic
ATT-000047,FAC-001,2025-02-26,LINE-01,47,44,42,0.0638,train,synthetic
ATT-000048,FAC-001,2025-02-27,LINE-01,50,48,47,0.04,train,synthetic
ATT-000049,FAC-001,2025-03-01,LINE-01,48,45,44,0.0625,train,synthetic
ATT-000050,FAC-001,2025-03-02,LINE-01,48,45,42,0.0625,train,synthetic
ATT-000051,FAC-001,2025-03-03,LINE-01,47,45,43,0.0426,train,synthetic
ATT-000052,FAC-001,2025-03-04,LINE-01,47,40,38,0.1489,train,synthetic
ATT-000053,FAC-001,2025-03-05,LINE-01,46,41,41,0.1087,train,synthetic
ATT-000054,FAC-001,2025-03-06,LINE-01,50,48,47,0.04,train,synthetic
ATT-000055,FAC-001,2025-03-08,LINE-01,49,45,42,0.0816,train,synthetic
ATT-000056,FAC-001,2025-03-09,LINE-01,47,44,41,0.0638,train,synthetic
ATT-000057,FAC-001,2025-03-10,LINE-01,46,45,45,0.0217,train,synthetic
ATT-000058,FAC-001,2025-03-11,LINE-01,47,45,44,0.0426,train,synthetic
ATT-000059,FAC-001,2025-03-12,LINE-01,48,45,42,0.0625,train,synthetic
ATT-000060,FAC-001,2025-03-13,LINE-01,48,43,41,0.1042,train,synthetic
ATT-000061,FAC-001,2025-03-15,LINE-01,47,45,42,0.0426,train,synthetic
ATT-000062,FAC-001,2025-03-16,LINE-01,50,42,39,0.16,train,synthetic
ATT-000063,FAC-001,2025-03-17,LINE-01,50,45,42,0.1,train,synthetic
ATT-000064,FAC-001,2025-03-18,LINE-01,47,46,43,0.0213,train,synthetic
ATT-000065,FAC-001,2025-03-19,LINE-01,46,45,44,0.0217,train,synthetic
ATT-000066,FAC-001,2025-03-20,LINE-01,47,45,43,0.0426,train,synthetic
ATT-000067,FAC-001,2025-03-22,LINE-01,50,48,45,0.04,train,synthetic
ATT-000068,FAC-001,2025-03-23,LINE-01,47,42,41,0.1064,train,synthetic
ATT-000069,FAC-001,2025-03-24,LINE-01,49,41,39,0.1633,train,synthetic
ATT-000070,FAC-001,2025-03-25,LINE-01,47,44,43,0.0638,train,synthetic
ATT-000071,FAC-001,2025-03-26,LINE-01,50,47,44,0.06,train,synthetic
ATT-000072,FAC-001,2025-03-27,LINE-01,50,49,48,0.02,train,synthetic
ATT-000073,FAC-001,2025-03-29,LINE-01,46,43,43,0.0652,train,synthetic
ATT-000074,FAC-001,2025-03-30,LINE-01,47,44,44,0.0638,train,synthetic
ATT-000075,FAC-001,2025-03-31,LINE-01,46,43,42,0.0652,train,synthetic
ATT-000076,FAC-001,2025-04-01,LINE-01,49,44,43,0.102,train,synthetic
ATT-000077,FAC-001,2025-04-02,LINE-01,48,45,43,0.0625,train,synthetic
ATT-000078,FAC-001,2025-04-03,LINE-01,50,46,43,0.08,train,synthetic
ATT-000079,FAC-001,2025-04-05,LINE-01,50,47,44,0.06,train,synthetic
ATT-000080,FAC-001,2025-04-06,LINE-01,46,45,42,0.0217,train,synthetic
ATT-000081,FAC-001,2025-04-07,LINE-01,50,49,47,0.02,train,synthetic
ATT-000082,FAC-001,2025-04-08,LINE-01,47,45,43,0.0426,train,synthetic
ATT-000083,FAC-001,2025-04-09,LINE-01,46,43,43,0.0652,train,synthetic
ATT-000084,FAC-001,2025-04-10,LINE-01,46,45,44,0.0217,train,synthetic
ATT-000085,FAC-001,2025-04-12,LINE-01,50,46,45,0.08,train,synthetic
ATT-000086,FAC-001,2025-04-13,LINE-01,48,47,47,0.0208,train,synthetic
ATT-000087,FAC-001,2025-04-14,LINE-01,49,48,48,0.0204,train,synthetic
ATT-000088,FAC-001,2025-04-15,LINE-01,47,45,44,0.0426,train,synthetic
ATT-000089,FAC-001,2025-04-16,LINE-01,49,47,44,0.0408,train,synthetic
ATT-000090,FAC-001,2025-04-17,LINE-01,47,44,41,0.0638,train,synthetic
ATT-000091,FAC-001,2025-04-19,LINE-01,50,47,45,0.06,train,synthetic
ATT-000092,FAC-001,2025-04-20,LINE-01,48,46,44,0.0417,train,synthetic
ATT-000093,FAC-001,2025-04-21,LINE-01,50,44,42,0.12,train,synthetic
ATT-000094,FAC-001,2025-04-22,LINE-01,46,43,42,0.0652,train,synthetic
ATT-000095,FAC-001,2025-04-23,LINE-01,47,46,43,0.0213,train,synthetic
ATT-000096,FAC-001,2025-04-24,LINE-01,47,46,43,0.0213,train,synthetic
ATT-000097,FAC-001,2025-04-26,LINE-01,48,45,44,0.0625,train,synthetic
ATT-000098,FAC-001,2025-04-27,LINE-01,47,45,42,0.0426,train,synthetic
ATT-000099,FAC-001,2025-04-28,LINE-01,50,45,44,0.1,train,synthetic
ATT-000100,FAC-001,2025-04-29,LINE-01,48,47,44,0.0208,train,synthetic
ATT-000101,FAC-001,2025-04-30,LINE-01,49,46,44,0.0612,train,synthetic
ATT-000102,FAC-001,2025-05-01,LINE-01,48,45,45,0.0625,validation,synthetic
ATT-000103,FAC-001,2025-05-03,LINE-01,47,46,44,0.0213,validation,synthetic
ATT-000104,FAC-001,2025-05-04,LINE-01,47,40,38,0.1489,validation,synthetic
ATT-000105,FAC-001,2025-05-05,LINE-01,46,44,43,0.0435,validation,synthetic
ATT-000106,FAC-001,2025-05-06,LINE-01,46,44,44,0.0435,validation,synthetic
ATT-000107,FAC-001,2025-05-07,LINE-01,50,47,46,0.06,validation,synthetic
ATT-000108,FAC-001,2025-05-08,LINE-01,48,47,44,0.0208,validation,synthetic
ATT-000109,FAC-001,2025-05-10,LINE-01,48,47,45,0.0208,validation,synthetic
ATT-000110,FAC-001,2025-05-11,LINE-01,48,47,47,0.0208,validation,synthetic
ATT-000111,FAC-001,2025-05-12,LINE-01,48,46,45,0.0417,validation,synthetic
ATT-000112,FAC-001,2025-05-13,LINE-01,49,45,43,0.0816,validation,synthetic
ATT-000113,FAC-001,2025-05-14,LINE-01,46,45,44,0.0217,validation,synthetic
ATT-000114,FAC-001,2025-05-15,LINE-01,46,45,45,0.0217,validation,synthetic
ATT-000115,FAC-001,2025-05-17,LINE-01,49,43,42,0.1224,validation,synthetic
ATT-000116,FAC-001,2025-05-18,LINE-01,49,47,45,0.0408,validation,synthetic
ATT-000117,FAC-001,2025-05-19,LINE-01,46,43,40,0.0652,validation,synthetic
ATT-000118,FAC-001,2025-05-20,LINE-01,47,44,41,0.0638,validation,synthetic
ATT-000119,FAC-001,2025-05-21,LINE-01,49,46,44,0.0612,validation,synthetic
ATT-000120,FAC-001,2025-05-22,LINE-01,50,49,46,0.02,validation,synthetic
ATT-000121,FAC-001,2025-05-24,LINE-01,50,46,44,0.08,validation,synthetic
ATT-000122,FAC-001,2025-05-25,LINE-01,48,47,44,0.0208,validation,synthetic
ATT-000123,FAC-001,2025-05-26,LINE-01,49,46,45,0.0612,validation,synthetic
ATT-000124,FAC-001,2025-05-27,LINE-01,46,43,41,0.0652,validation,synthetic
ATT-000125,FAC-001,2025-05-28,LINE-01,46,44,42,0.0435,validation,synthetic
ATT-000126,FAC-001,2025-05-29,LINE-01,50,46,44,0.08,validation,synthetic
ATT-000127,FAC-001,2025-05-31,LINE-01,47,45,42,0.0426,validation,synthetic
ATT-000128,FAC-001,2025-06-01,LINE-01,48,46,43,0.0417,test,synthetic
ATT-000129,FAC-001,2025-06-02,LINE-01,50,49,47,0.02,test,synthetic
ATT-000130,FAC-001,2025-06-03,LINE-01,46,44,42,0.0435,test,synthetic
ATT-000131,FAC-001,2025-06-04,LINE-01,47,44,43,0.0638,test,synthetic
ATT-000132,FAC-001,2025-06-05,LINE-01,50,47,46,0.06,test,synthetic
ATT-000133,FAC-001,2025-06-07,LINE-01,50,49,47,0.02,test,synthetic
ATT-000134,FAC-001,2025-06-08,LINE-01,48,45,45,0.0625,test,synthetic
ATT-000135,FAC-001,2025-06-09,LINE-01,47,44,43,0.0638,test,synthetic
ATT-000136,FAC-001,2025-06-10,LINE-01,47,40,40,0.1489,test,synthetic
ATT-000137,FAC-001,2025-06-11,LINE-01,46,44,41,0.0435,test,synthetic
ATT-000138,FAC-001,2025-06-12,LINE-01,47,41,38,0.1277,test,synthetic
ATT-000139,FAC-001,2025-06-14,LINE-01,46,43,42,0.0652,test,synthetic
ATT-000140,FAC-001,2025-06-15,LINE-01,49,47,47,0.0408,test,synthetic
ATT-000141,FAC-001,2025-06-16,LINE-01,50,46,44,0.08,test,synthetic
ATT-000142,FAC-001,2025-06-17,LINE-01,49,46,44,0.0612,test,synthetic
ATT-000143,FAC-001,2025-06-18,LINE-01,49,48,48,0.0204,test,synthetic
ATT-000144,FAC-001,2025-06-19,LINE-01,46,45,44,0.0217,test,synthetic
ATT-000145,FAC-001,2025-06-21,LINE-01,48,45,45,0.0625,test,synthetic
ATT-000146,FAC-001,2025-06-22,LINE-01,47,46,43,0.0213,test,synthetic
ATT-000147,FAC-001,2025-06-23,LINE-01,49,47,44,0.0408,test,synthetic
ATT-000148,FAC-001,2025-06-24,LINE-01,50,47,46,0.06,test,synthetic
ATT-000149,FAC-001,2025-06-25,LINE-01,47,45,44,0.0426,test,synthetic
ATT-000150,FAC-001,2025-06-26,LINE-01,50,47,46,0.06,test,synthetic
ATT-000151,FAC-001,2025-06-28,LINE-01,50,49,47,0.02,test,synthetic
ATT-000152,FAC-001,2025-06-29,LINE-01,47,46,44,0.0213,test,synthetic
ATT-000153,FAC-001,2025-06-30,LINE-01,49,46,46,0.0612,test,synthetic
ATT-000154,FAC-001,2025-01-04,LINE-02,54,52,51,0.037,train,synthetic
ATT-000155,FAC-001,2025-01-05,LINE-02,51,48,47,0.0588,train,synthetic
ATT-000156,FAC-001,2025-01-06,LINE-02,51,50,48,0.0196,train,synthetic
ATT-000157,FAC-001,2025-01-07,LINE-02,53,52,51,0.0189,train,synthetic
ATT-000158,FAC-001,2025-01-08,LINE-02,51,49,47,0.0392,train,synthetic
ATT-000159,FAC-001,2025-01-09,LINE-02,53,50,50,0.0566,train,synthetic
ATT-000160,FAC-001,2025-01-11,LINE-02,53,52,49,0.0189,train,synthetic
ATT-000161,FAC-001,2025-01-12,LINE-02,53,52,50,0.0189,train,synthetic
ATT-000162,FAC-001,2025-01-13,LINE-02,53,49,48,0.0755,train,synthetic
ATT-000163,FAC-001,2025-01-14,LINE-02,54,53,52,0.0185,train,synthetic
ATT-000164,FAC-001,2025-01-15,LINE-02,53,51,49,0.0377,train,synthetic
ATT-000165,FAC-001,2025-01-16,LINE-02,52,51,49,0.0192,train,synthetic
ATT-000166,FAC-001,2025-01-18,LINE-02,51,47,47,0.0784,train,synthetic
ATT-000167,FAC-001,2025-01-19,LINE-02,54,51,50,0.0556,train,synthetic
ATT-000168,FAC-001,2025-01-20,LINE-02,53,52,50,0.0189,train,synthetic
ATT-000169,FAC-001,2025-01-21,LINE-02,52,51,49,0.0192,train,synthetic
ATT-000170,FAC-001,2025-01-22,LINE-02,54,51,49,0.0556,train,synthetic
ATT-000171,FAC-001,2025-01-23,LINE-02,54,53,52,0.0185,train,synthetic
ATT-000172,FAC-001,2025-01-25,LINE-02,53,52,49,0.0189,train,synthetic
ATT-000173,FAC-001,2025-01-26,LINE-02,54,52,51,0.037,train,synthetic
ATT-000174,FAC-001,2025-01-27,LINE-02,50,47,45,0.06,train,synthetic
ATT-000175,FAC-001,2025-01-28,LINE-02,50,47,44,0.06,train,synthetic
ATT-000176,FAC-001,2025-01-29,LINE-02,54,51,50,0.0556,train,synthetic
ATT-000177,FAC-001,2025-01-30,LINE-02,54,52,49,0.037,train,synthetic
ATT-000178,FAC-001,2025-02-01,LINE-02,51,49,46,0.0392,train,synthetic
ATT-000179,FAC-001,2025-02-02,LINE-02,50,49,49,0.02,train,synthetic
ATT-000180,FAC-001,2025-02-03,LINE-02,54,52,51,0.037,train,synthetic
ATT-000181,FAC-001,2025-02-04,LINE-02,50,48,47,0.04,train,synthetic
ATT-000182,FAC-001,2025-02-05,LINE-02,53,50,50,0.0566,train,synthetic
ATT-000183,FAC-001,2025-02-06,LINE-02,54,50,49,0.0741,train,synthetic
ATT-000184,FAC-001,2025-02-08,LINE-02,51,46,45,0.098,train,synthetic
ATT-000185,FAC-001,2025-02-09,LINE-02,51,49,48,0.0392,train,synthetic
ATT-000186,FAC-001,2025-02-10,LINE-02,51,43,42,0.1569,train,synthetic
ATT-000187,FAC-001,2025-02-11,LINE-02,50,49,48,0.02,train,synthetic
ATT-000188,FAC-001,2025-02-12,LINE-02,52,49,46,0.0577,train,synthetic
ATT-000189,FAC-001,2025-02-13,LINE-02,50,47,46,0.06,train,synthetic
ATT-000190,FAC-001,2025-02-15,LINE-02,54,53,50,0.0185,train,synthetic
ATT-000191,FAC-001,2025-02-16,LINE-02,50,49,48,0.02,train,synthetic
ATT-000192,FAC-001,2025-02-17,LINE-02,50,47,44,0.06,train,synthetic
ATT-000193,FAC-001,2025-02-18,LINE-02,50,48,46,0.04,train,synthetic
ATT-000194,FAC-001,2025-02-19,LINE-02,53,50,48,0.0566,train,synthetic
ATT-000195,FAC-001,2025-02-20,LINE-02,51,50,47,0.0196,train,synthetic
ATT-000196,FAC-001,2025-02-22,LINE-02,50,48,47,0.04,train,synthetic
ATT-000197,FAC-001,2025-02-23,LINE-02,54,51,50,0.0556,train,synthetic
ATT-000198,FAC-001,2025-02-24,LINE-02,51,50,47,0.0196,train,synthetic
ATT-000199,FAC-001,2025-02-25,LINE-02,54,53,50,0.0185,train,synthetic
ATT-000200,FAC-001,2025-02-26,LINE-02,52,50,50,0.0385,train,synthetic
ATT-000201,FAC-001,2025-02-27,LINE-02,52,51,49,0.0192,train,synthetic
ATT-000202,FAC-001,2025-03-01,LINE-02,54,51,49,0.0556,train,synthetic
ATT-000203,FAC-001,2025-03-02,LINE-02,51,48,47,0.0588,train,synthetic
ATT-000204,FAC-001,2025-03-03,LINE-02,53,49,49,0.0755,train,synthetic
ATT-000205,FAC-001,2025-03-04,LINE-02,53,50,48,0.0566,train,synthetic
ATT-000206,FAC-001,2025-03-05,LINE-02,50,48,47,0.04,train,synthetic
ATT-000207,FAC-001,2025-03-06,LINE-02,52,50,47,0.0385,train,synthetic
ATT-000208,FAC-001,2025-03-08,LINE-02,54,53,52,0.0185,train,synthetic
ATT-000209,FAC-001,2025-03-09,LINE-02,54,51,51,0.0556,train,synthetic
ATT-000210,FAC-001,2025-03-10,LINE-02,50,48,47,0.04,train,synthetic
ATT-000211,FAC-001,2025-03-11,LINE-02,50,46,45,0.08,train,synthetic
ATT-000212,FAC-001,2025-03-12,LINE-02,52,51,51,0.0192,train,synthetic
ATT-000213,FAC-001,2025-03-13,LINE-02,52,51,50,0.0192,train,synthetic
ATT-000214,FAC-001,2025-03-15,LINE-02,51,48,46,0.0588,train,synthetic
ATT-000215,FAC-001,2025-03-16,LINE-02,54,52,52,0.037,train,synthetic
ATT-000216,FAC-001,2025-03-17,LINE-02,54,51,48,0.0556,train,synthetic
ATT-000217,FAC-001,2025-03-18,LINE-02,53,51,50,0.0377,train,synthetic
ATT-000218,FAC-001,2025-03-19,LINE-02,50,49,49,0.02,train,synthetic
ATT-000219,FAC-001,2025-03-20,LINE-02,51,49,46,0.0392,train,synthetic
ATT-000220,FAC-001,2025-03-22,LINE-02,50,44,44,0.12,train,synthetic
ATT-000221,FAC-001,2025-03-23,LINE-02,54,53,50,0.0185,train,synthetic
ATT-000222,FAC-001,2025-03-24,LINE-02,54,51,49,0.0556,train,synthetic
ATT-000223,FAC-001,2025-03-25,LINE-02,50,49,47,0.02,train,synthetic
ATT-000224,FAC-001,2025-03-26,LINE-02,53,49,47,0.0755,train,synthetic
ATT-000225,FAC-001,2025-03-27,LINE-02,54,45,42,0.1667,train,synthetic
ATT-000226,FAC-001,2025-03-29,LINE-02,50,48,46,0.04,train,synthetic
ATT-000227,FAC-001,2025-03-30,LINE-02,53,52,50,0.0189,train,synthetic
ATT-000228,FAC-001,2025-03-31,LINE-02,53,51,48,0.0377,train,synthetic
ATT-000229,FAC-001,2025-04-01,LINE-02,51,49,49,0.0392,train,synthetic
ATT-000230,FAC-001,2025-04-02,LINE-02,50,49,46,0.02,train,synthetic
ATT-000231,FAC-001,2025-04-03,LINE-02,50,49,47,0.02,train,synthetic
ATT-000232,FAC-001,2025-04-05,LINE-02,54,51,50,0.0556,train,synthetic
ATT-000233,FAC-001,2025-04-06,LINE-02,53,51,49,0.0377,train,synthetic
ATT-000234,FAC-001,2025-04-07,LINE-02,51,48,46,0.0588,train,synthetic
ATT-000235,FAC-001,2025-04-08,LINE-02,50,44,41,0.12,train,synthetic
ATT-000236,FAC-001,2025-04-09,LINE-02,52,45,44,0.1346,train,synthetic
ATT-000237,FAC-001,2025-04-10,LINE-02,53,50,48,0.0566,train,synthetic
ATT-000238,FAC-001,2025-04-12,LINE-02,54,50,47,0.0741,train,synthetic
ATT-000239,FAC-001,2025-04-13,LINE-02,50,49,48,0.02,train,synthetic
ATT-000240,FAC-001,2025-04-14,LINE-02,53,52,49,0.0189,train,synthetic
ATT-000241,FAC-001,2025-04-15,LINE-02,51,47,46,0.0784,train,synthetic
ATT-000242,FAC-001,2025-04-16,LINE-02,53,52,49,0.0189,train,synthetic
ATT-000243,FAC-001,2025-04-17,LINE-02,51,49,46,0.0392,train,synthetic
ATT-000244,FAC-001,2025-04-19,LINE-02,51,47,44,0.0784,train,synthetic
ATT-000245,FAC-001,2025-04-20,LINE-02,51,49,46,0.0392,train,synthetic
ATT-000246,FAC-001,2025-04-21,LINE-02,53,51,49,0.0377,train,synthetic
ATT-000247,FAC-001,2025-04-22,LINE-02,50,48,47,0.04,train,synthetic
ATT-000248,FAC-001,2025-04-23,LINE-02,54,51,50,0.0556,train,synthetic
ATT-000249,FAC-001,2025-04-24,LINE-02,50,47,47,0.06,train,synthetic
ATT-000250,FAC-001,2025-04-26,LINE-02,52,45,43,0.1346,train,synthetic
ATT-000251,FAC-001,2025-04-27,LINE-02,50,48,48,0.04,train,synthetic
ATT-000252,FAC-001,2025-04-28,LINE-02,50,49,49,0.02,train,synthetic
ATT-000253,FAC-001,2025-04-29,LINE-02,53,47,46,0.1132,train,synthetic
ATT-000254,FAC-001,2025-04-30,LINE-02,51,48,45,0.0588,train,synthetic
ATT-000255,FAC-001,2025-05-01,LINE-02,53,50,49,0.0566,validation,synthetic
ATT-000256,FAC-001,2025-05-03,LINE-02,53,49,47,0.0755,validation,synthetic
ATT-000257,FAC-001,2025-05-04,LINE-02,53,50,49,0.0566,validation,synthetic
ATT-000258,FAC-001,2025-05-05,LINE-02,54,51,50,0.0556,validation,synthetic
ATT-000259,FAC-001,2025-05-06,LINE-02,51,50,50,0.0196,validation,synthetic
ATT-000260,FAC-001,2025-05-07,LINE-02,53,50,49,0.0566,validation,synthetic
ATT-000261,FAC-001,2025-05-08,LINE-02,54,53,51,0.0185,validation,synthetic
ATT-000262,FAC-001,2025-05-10,LINE-02,54,51,48,0.0556,validation,synthetic
ATT-000263,FAC-001,2025-05-11,LINE-02,50,49,46,0.02,validation,synthetic
ATT-000264,FAC-001,2025-05-12,LINE-02,52,49,48,0.0577,validation,synthetic
ATT-000265,FAC-001,2025-05-13,LINE-02,54,52,52,0.037,validation,synthetic
ATT-000266,FAC-001,2025-05-14,LINE-02,52,45,45,0.1346,validation,synthetic
ATT-000267,FAC-001,2025-05-15,LINE-02,51,50,48,0.0196,validation,synthetic
ATT-000268,FAC-001,2025-05-17,LINE-02,52,44,42,0.1538,validation,synthetic
ATT-000269,FAC-001,2025-05-18,LINE-02,52,48,47,0.0769,validation,synthetic
ATT-000270,FAC-001,2025-05-19,LINE-02,51,49,47,0.0392,validation,synthetic
ATT-000271,FAC-001,2025-05-20,LINE-02,51,49,47,0.0392,validation,synthetic
ATT-000272,FAC-001,2025-05-21,LINE-02,50,48,45,0.04,validation,synthetic
ATT-000273,FAC-001,2025-05-22,LINE-02,53,51,50,0.0377,validation,synthetic
ATT-000274,FAC-001,2025-05-24,LINE-02,53,51,50,0.0377,validation,synthetic
ATT-000275,FAC-001,2025-05-25,LINE-02,51,49,48,0.0392,validation,synthetic
ATT-000276,FAC-001,2025-05-26,LINE-02,54,52,50,0.037,validation,synthetic
ATT-000277,FAC-001,2025-05-27,LINE-02,51,50,50,0.0196,validation,synthetic
ATT-000278,FAC-001,2025-05-28,LINE-02,50,48,45,0.04,validation,synthetic
ATT-000279,FAC-001,2025-05-29,LINE-02,53,52,52,0.0189,validation,synthetic
ATT-000280,FAC-001,2025-05-31,LINE-02,50,48,46,0.04,validation,synthetic
ATT-000281,FAC-001,2025-06-01,LINE-02,52,49,49,0.0577,test,synthetic
ATT-000282,FAC-001,2025-06-02,LINE-02,53,50,50,0.0566,test,synthetic
ATT-000283,FAC-001,2025-06-03,LINE-02,54,46,46,0.1481,test,synthetic
ATT-000284,FAC-001,2025-06-04,LINE-02,52,50,48,0.0385,test,synthetic
ATT-000285,FAC-001,2025-06-05,LINE-02,52,51,49,0.0192,test,synthetic
ATT-000286,FAC-001,2025-06-07,LINE-02,50,45,43,0.1,test,synthetic
ATT-000287,FAC-001,2025-06-08,LINE-02,53,52,52,0.0189,test,synthetic
ATT-000288,FAC-001,2025-06-09,LINE-02,52,43,43,0.1731,test,synthetic
ATT-000289,FAC-001,2025-06-10,LINE-02,51,50,47,0.0196,test,synthetic
ATT-000290,FAC-001,2025-06-11,LINE-02,51,47,46,0.0784,test,synthetic
ATT-000291,FAC-001,2025-06-12,LINE-02,52,44,43,0.1538,test,synthetic
ATT-000292,FAC-001,2025-06-14,LINE-02,53,51,49,0.0377,test,synthetic
ATT-000293,FAC-001,2025-06-15,LINE-02,52,49,48,0.0577,test,synthetic
ATT-000294,FAC-001,2025-06-16,LINE-02,53,51,51,0.0377,test,synthetic
ATT-000295,FAC-001,2025-06-17,LINE-02,51,49,48,0.0392,test,synthetic
ATT-000296,FAC-001,2025-06-18,LINE-02,51,49,49,0.0392,test,synthetic
ATT-000297,FAC-001,2025-06-19,LINE-02,50,48,48,0.04,test,synthetic
ATT-000298,FAC-001,2025-06-21,LINE-02,54,51,50,0.0556,test,synthetic
ATT-000299,FAC-001,2025-06-22,LINE-02,51,47,45,0.0784,test,synthetic
ATT-000300,FAC-001,2025-06-23,LINE-02,53,49,46,0.0755,test,synthetic
ATT-000301,FAC-001,2025-06-24,LINE-02,51,49,49,0.0392,test,synthetic
ATT-000302,FAC-001,2025-06-25,LINE-02,53,51,50,0.0377,test,synthetic
ATT-000303,FAC-001,2025-06-26,LINE-02,52,50,49,0.0385,test,synthetic
ATT-000304,FAC-001,2025-06-28,LINE-02,50,46,44,0.08,test,synthetic
ATT-000305,FAC-001,2025-06-29,LINE-02,53,44,44,0.1698,test,synthetic
ATT-000306,FAC-001,2025-06-30,LINE-02,50,49,48,0.02,test,synthetic
ATT-000307,FAC-001,2025-01-04,LINE-03,51,49,46,0.0392,train,synthetic
ATT-000308,FAC-001,2025-01-05,LINE-03,48,45,44,0.0625,train,synthetic
ATT-000309,FAC-001,2025-01-06,LINE-03,52,44,44,0.1538,train,synthetic
ATT-000310,FAC-001,2025-01-07,LINE-03,49,47,47,0.0408,train,synthetic
ATT-000311,FAC-001,2025-01-08,LINE-03,48,46,43,0.0417,train,synthetic
ATT-000312,FAC-001,2025-01-09,LINE-03,52,49,46,0.0577,train,synthetic
ATT-000313,FAC-001,2025-01-11,LINE-03,49,46,46,0.0612,train,synthetic
ATT-000314,FAC-001,2025-01-12,LINE-03,49,45,43,0.0816,train,synthetic
ATT-000315,FAC-001,2025-01-13,LINE-03,49,45,44,0.0816,train,synthetic
ATT-000316,FAC-001,2025-01-14,LINE-03,49,47,47,0.0408,train,synthetic
ATT-000317,FAC-001,2025-01-15,LINE-03,51,49,47,0.0392,train,synthetic
ATT-000318,FAC-001,2025-01-16,LINE-03,50,47,47,0.06,train,synthetic
ATT-000319,FAC-001,2025-01-18,LINE-03,52,49,48,0.0577,train,synthetic
ATT-000320,FAC-001,2025-01-19,LINE-03,48,45,42,0.0625,train,synthetic
ATT-000321,FAC-001,2025-01-20,LINE-03,52,48,46,0.0769,train,synthetic
ATT-000322,FAC-001,2025-01-21,LINE-03,48,47,47,0.0208,train,synthetic
ATT-000323,FAC-001,2025-01-22,LINE-03,51,48,46,0.0588,train,synthetic
ATT-000324,FAC-001,2025-01-23,LINE-03,49,48,45,0.0204,train,synthetic
ATT-000325,FAC-001,2025-01-25,LINE-03,48,46,46,0.0417,train,synthetic
ATT-000326,FAC-001,2025-01-26,LINE-03,48,47,46,0.0208,train,synthetic
ATT-000327,FAC-001,2025-01-27,LINE-03,50,49,48,0.02,train,synthetic
ATT-000328,FAC-001,2025-01-28,LINE-03,51,49,46,0.0392,train,synthetic
ATT-000329,FAC-001,2025-01-29,LINE-03,52,50,50,0.0385,train,synthetic
ATT-000330,FAC-001,2025-01-30,LINE-03,52,49,48,0.0577,train,synthetic
ATT-000331,FAC-001,2025-02-01,LINE-03,52,49,48,0.0577,train,synthetic
ATT-000332,FAC-001,2025-02-02,LINE-03,52,50,47,0.0385,train,synthetic
ATT-000333,FAC-001,2025-02-03,LINE-03,48,45,45,0.0625,train,synthetic
ATT-000334,FAC-001,2025-02-04,LINE-03,50,48,45,0.04,train,synthetic
ATT-000335,FAC-001,2025-02-05,LINE-03,48,45,45,0.0625,train,synthetic
ATT-000336,FAC-001,2025-02-06,LINE-03,50,49,46,0.02,train,synthetic
ATT-000337,FAC-001,2025-02-08,LINE-03,51,48,48,0.0588,train,synthetic
ATT-000338,FAC-001,2025-02-09,LINE-03,52,50,50,0.0385,train,synthetic
ATT-000339,FAC-001,2025-02-10,LINE-03,52,50,48,0.0385,train,synthetic
ATT-000340,FAC-001,2025-02-11,LINE-03,50,48,45,0.04,train,synthetic
ATT-000341,FAC-001,2025-02-12,LINE-03,52,50,49,0.0385,train,synthetic
ATT-000342,FAC-001,2025-02-13,LINE-03,49,43,42,0.1224,train,synthetic
ATT-000343,FAC-001,2025-02-15,LINE-03,50,49,48,0.02,train,synthetic
ATT-000344,FAC-001,2025-02-16,LINE-03,52,49,48,0.0577,train,synthetic
ATT-000345,FAC-001,2025-02-17,LINE-03,48,47,46,0.0208,train,synthetic
ATT-000346,FAC-001,2025-02-18,LINE-03,50,47,47,0.06,train,synthetic
ATT-000347,FAC-001,2025-02-19,LINE-03,49,47,47,0.0408,train,synthetic
ATT-000348,FAC-001,2025-02-20,LINE-03,49,43,42,0.1224,train,synthetic
ATT-000349,FAC-001,2025-02-22,LINE-03,49,48,47,0.0204,train,synthetic
ATT-000350,FAC-001,2025-02-23,LINE-03,52,50,49,0.0385,train,synthetic
ATT-000351,FAC-001,2025-02-24,LINE-03,48,45,44,0.0625,train,synthetic
ATT-000352,FAC-001,2025-02-25,LINE-03,52,49,48,0.0577,train,synthetic
ATT-000353,FAC-001,2025-02-26,LINE-03,48,47,44,0.0208,train,synthetic
ATT-000354,FAC-001,2025-02-27,LINE-03,50,48,48,0.04,train,synthetic
ATT-000355,FAC-001,2025-03-01,LINE-03,51,49,49,0.0392,train,synthetic
ATT-000356,FAC-001,2025-03-02,LINE-03,49,46,45,0.0612,train,synthetic
ATT-000357,FAC-001,2025-03-03,LINE-03,50,48,45,0.04,train,synthetic
ATT-000358,FAC-001,2025-03-04,LINE-03,50,49,46,0.02,train,synthetic
ATT-000359,FAC-001,2025-03-05,LINE-03,49,47,45,0.0408,train,synthetic
ATT-000360,FAC-001,2025-03-06,LINE-03,49,48,46,0.0204,train,synthetic
ATT-000361,FAC-001,2025-03-08,LINE-03,50,47,46,0.06,train,synthetic
ATT-000362,FAC-001,2025-03-09,LINE-03,49,48,45,0.0204,train,synthetic
ATT-000363,FAC-001,2025-03-10,LINE-03,50,48,48,0.04,train,synthetic
ATT-000364,FAC-001,2025-03-11,LINE-03,48,46,45,0.0417,train,synthetic
ATT-000365,FAC-001,2025-03-12,LINE-03,48,47,47,0.0208,train,synthetic
ATT-000366,FAC-001,2025-03-13,LINE-03,51,49,46,0.0392,train,synthetic
ATT-000367,FAC-001,2025-03-15,LINE-03,51,48,45,0.0588,train,synthetic
ATT-000368,FAC-001,2025-03-16,LINE-03,49,41,41,0.1633,train,synthetic
ATT-000369,FAC-001,2025-03-17,LINE-03,48,46,44,0.0417,train,synthetic
ATT-000370,FAC-001,2025-03-18,LINE-03,50,43,41,0.14,train,synthetic
ATT-000371,FAC-001,2025-03-19,LINE-03,52,48,45,0.0769,train,synthetic
ATT-000372,FAC-001,2025-03-20,LINE-03,48,44,42,0.0833,train,synthetic
ATT-000373,FAC-001,2025-03-22,LINE-03,50,49,48,0.02,train,synthetic
ATT-000374,FAC-001,2025-03-23,LINE-03,52,48,45,0.0769,train,synthetic
ATT-000375,FAC-001,2025-03-24,LINE-03,51,48,46,0.0588,train,synthetic
ATT-000376,FAC-001,2025-03-25,LINE-03,50,49,49,0.02,train,synthetic
ATT-000377,FAC-001,2025-03-26,LINE-03,48,44,44,0.0833,train,synthetic
ATT-000378,FAC-001,2025-03-27,LINE-03,50,49,49,0.02,train,synthetic
ATT-000379,FAC-001,2025-03-29,LINE-03,52,50,48,0.0385,train,synthetic
ATT-000380,FAC-001,2025-03-30,LINE-03,48,47,44,0.0208,train,synthetic
ATT-000381,FAC-001,2025-03-31,LINE-03,50,48,45,0.04,train,synthetic
ATT-000382,FAC-001,2025-04-01,LINE-03,49,48,48,0.0204,train,synthetic
ATT-000383,FAC-001,2025-04-02,LINE-03,52,49,49,0.0577,train,synthetic
ATT-000384,FAC-001,2025-04-03,LINE-03,50,48,45,0.04,train,synthetic
ATT-000385,FAC-001,2025-04-05,LINE-03,50,47,46,0.06,train,synthetic
ATT-000386,FAC-001,2025-04-06,LINE-03,50,49,46,0.02,train,synthetic
ATT-000387,FAC-001,2025-04-07,LINE-03,52,50,48,0.0385,train,synthetic
ATT-000388,FAC-001,2025-04-08,LINE-03,52,49,46,0.0577,train,synthetic
ATT-000389,FAC-001,2025-04-09,LINE-03,49,46,46,0.0612,train,synthetic
ATT-000390,FAC-001,2025-04-10,LINE-03,50,41,38,0.18,train,synthetic
ATT-000391,FAC-001,2025-04-12,LINE-03,49,45,42,0.0816,train,synthetic
ATT-000392,FAC-001,2025-04-13,LINE-03,50,47,46,0.06,train,synthetic
ATT-000393,FAC-001,2025-04-14,LINE-03,49,46,43,0.0612,train,synthetic
ATT-000394,FAC-001,2025-04-15,LINE-03,51,50,47,0.0196,train,synthetic
ATT-000395,FAC-001,2025-04-16,LINE-03,51,48,45,0.0588,train,synthetic
ATT-000396,FAC-001,2025-04-17,LINE-03,52,49,46,0.0577,train,synthetic
ATT-000397,FAC-001,2025-04-19,LINE-03,49,48,47,0.0204,train,synthetic
ATT-000398,FAC-001,2025-04-20,LINE-03,50,48,45,0.04,train,synthetic
ATT-000399,FAC-001,2025-04-21,LINE-03,50,47,47,0.06,train,synthetic
ATT-000400,FAC-001,2025-04-22,LINE-03,52,50,48,0.0385,train,synthetic
ATT-000401,FAC-001,2025-04-23,LINE-03,50,49,49,0.02,train,synthetic
ATT-000402,FAC-001,2025-04-24,LINE-03,51,47,44,0.0784,train,synthetic
ATT-000403,FAC-001,2025-04-26,LINE-03,50,48,47,0.04,train,synthetic
ATT-000404,FAC-001,2025-04-27,LINE-03,51,49,48,0.0392,train,synthetic
ATT-000405,FAC-001,2025-04-28,LINE-03,50,46,45,0.08,train,synthetic
ATT-000406,FAC-001,2025-04-29,LINE-03,51,49,48,0.0392,train,synthetic
ATT-000407,FAC-001,2025-04-30,LINE-03,52,49,46,0.0577,train,synthetic
ATT-000408,FAC-001,2025-05-01,LINE-03,49,47,44,0.0408,validation,synthetic
ATT-000409,FAC-001,2025-05-03,LINE-03,51,48,48,0.0588,validation,synthetic
ATT-000410,FAC-001,2025-05-04,LINE-03,50,47,44,0.06,validation,synthetic
ATT-000411,FAC-001,2025-05-05,LINE-03,51,50,49,0.0196,validation,synthetic
ATT-000412,FAC-001,2025-05-06,LINE-03,50,48,48,0.04,validation,synthetic
ATT-000413,FAC-001,2025-05-07,LINE-03,48,45,43,0.0625,validation,synthetic
ATT-000414,FAC-001,2025-05-08,LINE-03,50,46,46,0.08,validation,synthetic
ATT-000415,FAC-001,2025-05-10,LINE-03,51,50,49,0.0196,validation,synthetic
ATT-000416,FAC-001,2025-05-11,LINE-03,52,50,49,0.0385,validation,synthetic
ATT-000417,FAC-001,2025-05-12,LINE-03,52,50,50,0.0385,validation,synthetic
ATT-000418,FAC-001,2025-05-13,LINE-03,50,49,49,0.02,validation,synthetic
ATT-000419,FAC-001,2025-05-14,LINE-03,49,46,43,0.0612,validation,synthetic
ATT-000420,FAC-001,2025-05-15,LINE-03,52,51,48,0.0192,validation,synthetic
ATT-000421,FAC-001,2025-05-17,LINE-03,50,48,46,0.04,validation,synthetic
ATT-000422,FAC-001,2025-05-18,LINE-03,49,47,47,0.0408,validation,synthetic
ATT-000423,FAC-001,2025-05-19,LINE-03,48,45,43,0.0625,validation,synthetic
ATT-000424,FAC-001,2025-05-20,LINE-03,51,50,48,0.0196,validation,synthetic
ATT-000425,FAC-001,2025-05-21,LINE-03,50,49,47,0.02,validation,synthetic
ATT-000426,FAC-001,2025-05-22,LINE-03,49,47,44,0.0408,validation,synthetic
ATT-000427,FAC-001,2025-05-24,LINE-03,51,48,47,0.0588,validation,synthetic
ATT-000428,FAC-001,2025-05-25,LINE-03,49,46,43,0.0612,validation,synthetic
ATT-000429,FAC-001,2025-05-26,LINE-03,52,49,46,0.0577,validation,synthetic
ATT-000430,FAC-001,2025-05-27,LINE-03,52,49,48,0.0577,validation,synthetic
ATT-000431,FAC-001,2025-05-28,LINE-03,49,48,46,0.0204,validation,synthetic
ATT-000432,FAC-001,2025-05-29,LINE-03,48,40,38,0.1667,validation,synthetic
ATT-000433,FAC-001,2025-05-31,LINE-03,48,46,45,0.0417,validation,synthetic
ATT-000434,FAC-001,2025-06-01,LINE-03,51,49,46,0.0392,test,synthetic
ATT-000435,FAC-001,2025-06-02,LINE-03,52,50,50,0.0385,test,synthetic
ATT-000436,FAC-001,2025-06-03,LINE-03,49,47,44,0.0408,test,synthetic
ATT-000437,FAC-001,2025-06-04,LINE-03,50,42,39,0.16,test,synthetic
ATT-000438,FAC-001,2025-06-05,LINE-03,51,49,48,0.0392,test,synthetic
ATT-000439,FAC-001,2025-06-07,LINE-03,50,47,45,0.06,test,synthetic
ATT-000440,FAC-001,2025-06-08,LINE-03,52,51,49,0.0192,test,synthetic
ATT-000441,FAC-001,2025-06-09,LINE-03,49,46,44,0.0612,test,synthetic
ATT-000442,FAC-001,2025-06-10,LINE-03,51,50,48,0.0196,test,synthetic
ATT-000443,FAC-001,2025-06-11,LINE-03,50,49,46,0.02,test,synthetic
ATT-000444,FAC-001,2025-06-12,LINE-03,51,50,50,0.0196,test,synthetic
ATT-000445,FAC-001,2025-06-14,LINE-03,50,49,47,0.02,test,synthetic
ATT-000446,FAC-001,2025-06-15,LINE-03,52,48,46,0.0769,test,synthetic
ATT-000447,FAC-001,2025-06-16,LINE-03,50,48,46,0.04,test,synthetic
ATT-000448,FAC-001,2025-06-17,LINE-03,51,50,47,0.0196,test,synthetic
ATT-000449,FAC-001,2025-06-18,LINE-03,48,45,43,0.0625,test,synthetic
ATT-000450,FAC-001,2025-06-19,LINE-03,51,50,47,0.0196,test,synthetic
ATT-000451,FAC-001,2025-06-21,LINE-03,52,49,49,0.0577,test,synthetic
ATT-000452,FAC-001,2025-06-22,LINE-03,50,49,46,0.02,test,synthetic
ATT-000453,FAC-001,2025-06-23,LINE-03,51,48,45,0.0588,test,synthetic
ATT-000454,FAC-001,2025-06-24,LINE-03,48,45,45,0.0625,test,synthetic
ATT-000455,FAC-001,2025-06-25,LINE-03,48,47,45,0.0208,test,synthetic
ATT-000456,FAC-001,2025-06-26,LINE-03,52,49,48,0.0577,test,synthetic
ATT-000457,FAC-001,2025-06-28,LINE-03,48,47,46,0.0208,test,synthetic
ATT-000458,FAC-001,2025-06-29,LINE-03,50,49,48,0.02,test,synthetic
ATT-000459,FAC-001,2025-06-30,LINE-03,49,47,45,0.0408,test,synthetic
ATT-000460,FAC-001,2025-01-04,LINE-04,55,47,45,0.1455,train,synthetic
ATT-000461,FAC-001,2025-01-05,LINE-04,55,51,50,0.0727,train,synthetic
ATT-000462,FAC-001,2025-01-06,LINE-04,56,55,55,0.0179,train,synthetic
ATT-000463,FAC-001,2025-01-07,LINE-04,54,52,49,0.037,train,synthetic
ATT-000464,FAC-001,2025-01-08,LINE-04,52,44,44,0.1538,train,synthetic
ATT-000465,FAC-001,2025-01-09,LINE-04,53,51,48,0.0377,train,synthetic
ATT-000466,FAC-001,2025-01-11,LINE-04,56,53,50,0.0536,train,synthetic
ATT-000467,FAC-001,2025-01-12,LINE-04,56,53,52,0.0536,train,synthetic
ATT-000468,FAC-001,2025-01-13,LINE-04,55,54,52,0.0182,train,synthetic
ATT-000469,FAC-001,2025-01-14,LINE-04,52,50,50,0.0385,train,synthetic
ATT-000470,FAC-001,2025-01-15,LINE-04,56,54,53,0.0357,train,synthetic
ATT-000471,FAC-001,2025-01-16,LINE-04,53,49,49,0.0755,train,synthetic
ATT-000472,FAC-001,2025-01-18,LINE-04,52,51,51,0.0192,train,synthetic
ATT-000473,FAC-001,2025-01-19,LINE-04,56,53,53,0.0536,train,synthetic
ATT-000474,FAC-001,2025-01-20,LINE-04,53,51,50,0.0377,train,synthetic
ATT-000475,FAC-001,2025-01-21,LINE-04,56,53,50,0.0536,train,synthetic
ATT-000476,FAC-001,2025-01-22,LINE-04,54,53,53,0.0185,train,synthetic
ATT-000477,FAC-001,2025-01-23,LINE-04,56,53,52,0.0536,train,synthetic
ATT-000478,FAC-001,2025-01-25,LINE-04,53,51,50,0.0377,train,synthetic
ATT-000479,FAC-001,2025-01-26,LINE-04,56,48,47,0.1429,train,synthetic
ATT-000480,FAC-001,2025-01-27,LINE-04,56,55,54,0.0179,train,synthetic
ATT-000481,FAC-001,2025-01-28,LINE-04,52,51,48,0.0192,train,synthetic
ATT-000482,FAC-001,2025-01-29,LINE-04,52,50,50,0.0385,train,synthetic
ATT-000483,FAC-001,2025-01-30,LINE-04,55,53,51,0.0364,train,synthetic
ATT-000484,FAC-001,2025-02-01,LINE-04,53,51,51,0.0377,train,synthetic
ATT-000485,FAC-001,2025-02-02,LINE-04,55,54,53,0.0182,train,synthetic
ATT-000486,FAC-001,2025-02-03,LINE-04,56,53,50,0.0536,train,synthetic
ATT-000487,FAC-001,2025-02-04,LINE-04,54,52,51,0.037,train,synthetic
ATT-000488,FAC-001,2025-02-05,LINE-04,55,54,53,0.0182,train,synthetic
ATT-000489,FAC-001,2025-02-06,LINE-04,52,50,47,0.0385,train,synthetic
ATT-000490,FAC-001,2025-02-08,LINE-04,53,52,51,0.0189,train,synthetic
ATT-000491,FAC-001,2025-02-09,LINE-04,52,50,49,0.0385,train,synthetic
ATT-000492,FAC-001,2025-02-10,LINE-04,52,49,46,0.0577,train,synthetic
ATT-000493,FAC-001,2025-02-11,LINE-04,54,52,49,0.037,train,synthetic
ATT-000494,FAC-001,2025-02-12,LINE-04,55,52,52,0.0545,train,synthetic
ATT-000495,FAC-001,2025-02-13,LINE-04,54,52,50,0.037,train,synthetic
ATT-000496,FAC-001,2025-02-15,LINE-04,54,51,50,0.0556,train,synthetic
ATT-000497,FAC-001,2025-02-16,LINE-04,52,51,51,0.0192,train,synthetic
ATT-000498,FAC-001,2025-02-17,LINE-04,52,50,49,0.0385,train,synthetic
ATT-000499,FAC-001,2025-02-18,LINE-04,55,53,53,0.0364,train,synthetic
ATT-000500,FAC-001,2025-02-19,LINE-04,53,52,49,0.0189,train,synthetic
ATT-000501,FAC-001,2025-02-20,LINE-04,55,51,49,0.0727,train,synthetic
ATT-000502,FAC-001,2025-02-22,LINE-04,52,50,47,0.0385,train,synthetic
ATT-000503,FAC-001,2025-02-23,LINE-04,54,51,50,0.0556,train,synthetic
ATT-000504,FAC-001,2025-02-24,LINE-04,56,52,49,0.0714,train,synthetic
ATT-000505,FAC-001,2025-02-25,LINE-04,52,48,47,0.0769,train,synthetic
ATT-000506,FAC-001,2025-02-26,LINE-04,54,52,52,0.037,train,synthetic
ATT-000507,FAC-001,2025-02-27,LINE-04,52,44,43,0.1538,train,synthetic
ATT-000508,FAC-001,2025-03-01,LINE-04,53,50,48,0.0566,train,synthetic
ATT-000509,FAC-001,2025-03-02,LINE-04,53,52,51,0.0189,train,synthetic
ATT-000510,FAC-001,2025-03-03,LINE-04,54,51,50,0.0556,train,synthetic
ATT-000511,FAC-001,2025-03-04,LINE-04,52,49,47,0.0577,train,synthetic
ATT-000512,FAC-001,2025-03-05,LINE-04,55,54,52,0.0182,train,synthetic
ATT-000513,FAC-001,2025-03-06,LINE-04,52,50,48,0.0385,train,synthetic
ATT-000514,FAC-001,2025-03-08,LINE-04,52,48,46,0.0769,train,synthetic
ATT-000515,FAC-001,2025-03-09,LINE-04,53,51,51,0.0377,train,synthetic
ATT-000516,FAC-001,2025-03-10,LINE-04,53,50,47,0.0566,train,synthetic
ATT-000517,FAC-001,2025-03-11,LINE-04,56,55,52,0.0179,train,synthetic
ATT-000518,FAC-001,2025-03-12,LINE-04,56,54,51,0.0357,train,synthetic
ATT-000519,FAC-001,2025-03-13,LINE-04,54,52,50,0.037,train,synthetic
ATT-000520,FAC-001,2025-03-15,LINE-04,52,49,47,0.0577,train,synthetic
ATT-000521,FAC-001,2025-03-16,LINE-04,55,54,51,0.0182,train,synthetic
ATT-000522,FAC-001,2025-03-17,LINE-04,56,55,53,0.0179,train,synthetic
ATT-000523,FAC-001,2025-03-18,LINE-04,55,51,50,0.0727,train,synthetic
ATT-000524,FAC-001,2025-03-19,LINE-04,56,52,52,0.0714,train,synthetic
ATT-000525,FAC-001,2025-03-20,LINE-04,56,54,53,0.0357,train,synthetic
ATT-000526,FAC-001,2025-03-22,LINE-04,56,54,53,0.0357,train,synthetic
ATT-000527,FAC-001,2025-03-23,LINE-04,55,54,53,0.0182,train,synthetic
ATT-000528,FAC-001,2025-03-24,LINE-04,52,49,48,0.0577,train,synthetic
ATT-000529,FAC-001,2025-03-25,LINE-04,55,54,53,0.0182,train,synthetic
ATT-000530,FAC-001,2025-03-26,LINE-04,56,53,51,0.0536,train,synthetic
ATT-000531,FAC-001,2025-03-27,LINE-04,55,52,49,0.0545,train,synthetic
ATT-000532,FAC-001,2025-03-29,LINE-04,52,50,50,0.0385,train,synthetic
ATT-000533,FAC-001,2025-03-30,LINE-04,55,52,50,0.0545,train,synthetic
ATT-000534,FAC-001,2025-03-31,LINE-04,54,53,53,0.0185,train,synthetic
ATT-000535,FAC-001,2025-04-01,LINE-04,53,46,44,0.1321,train,synthetic
ATT-000536,FAC-001,2025-04-02,LINE-04,54,52,50,0.037,train,synthetic
ATT-000537,FAC-001,2025-04-03,LINE-04,55,51,49,0.0727,train,synthetic
ATT-000538,FAC-001,2025-04-05,LINE-04,55,52,51,0.0545,train,synthetic
ATT-000539,FAC-001,2025-04-06,LINE-04,53,50,50,0.0566,train,synthetic
ATT-000540,FAC-001,2025-04-07,LINE-04,52,48,45,0.0769,train,synthetic
ATT-000541,FAC-001,2025-04-08,LINE-04,56,55,55,0.0179,train,synthetic
ATT-000542,FAC-001,2025-04-09,LINE-04,52,51,49,0.0192,train,synthetic
ATT-000543,FAC-001,2025-04-10,LINE-04,52,50,50,0.0385,train,synthetic
ATT-000544,FAC-001,2025-04-12,LINE-04,52,48,45,0.0769,train,synthetic
ATT-000545,FAC-001,2025-04-13,LINE-04,55,54,52,0.0182,train,synthetic
ATT-000546,FAC-001,2025-04-14,LINE-04,56,55,55,0.0179,train,synthetic
ATT-000547,FAC-001,2025-04-15,LINE-04,53,51,49,0.0377,train,synthetic
ATT-000548,FAC-001,2025-04-16,LINE-04,52,51,48,0.0192,train,synthetic
ATT-000549,FAC-001,2025-04-17,LINE-04,52,51,50,0.0192,train,synthetic
ATT-000550,FAC-001,2025-04-19,LINE-04,52,50,47,0.0385,train,synthetic
ATT-000551,FAC-001,2025-04-20,LINE-04,56,53,50,0.0536,train,synthetic
ATT-000552,FAC-001,2025-04-21,LINE-04,54,49,47,0.0926,train,synthetic
ATT-000553,FAC-001,2025-04-22,LINE-04,55,53,51,0.0364,train,synthetic
ATT-000554,FAC-001,2025-04-23,LINE-04,54,48,46,0.1111,train,synthetic
ATT-000555,FAC-001,2025-04-24,LINE-04,53,51,50,0.0377,train,synthetic
ATT-000556,FAC-001,2025-04-26,LINE-04,52,51,48,0.0192,train,synthetic
ATT-000557,FAC-001,2025-04-27,LINE-04,53,50,47,0.0566,train,synthetic
ATT-000558,FAC-001,2025-04-28,LINE-04,53,44,43,0.1698,train,synthetic
ATT-000559,FAC-001,2025-04-29,LINE-04,53,51,50,0.0377,train,synthetic
ATT-000560,FAC-001,2025-04-30,LINE-04,52,50,47,0.0385,train,synthetic
ATT-000561,FAC-001,2025-05-01,LINE-04,52,50,49,0.0385,validation,synthetic
ATT-000562,FAC-001,2025-05-03,LINE-04,55,53,53,0.0364,validation,synthetic
ATT-000563,FAC-001,2025-05-04,LINE-04,52,51,51,0.0192,validation,synthetic
ATT-000564,FAC-001,2025-05-05,LINE-04,55,51,48,0.0727,validation,synthetic
ATT-000565,FAC-001,2025-05-06,LINE-04,52,43,40,0.1731,validation,synthetic
ATT-000566,FAC-001,2025-05-07,LINE-04,53,51,48,0.0377,validation,synthetic
ATT-000567,FAC-001,2025-05-08,LINE-04,54,51,51,0.0556,validation,synthetic
ATT-000568,FAC-001,2025-05-10,LINE-04,56,54,54,0.0357,validation,synthetic
ATT-000569,FAC-001,2025-05-11,LINE-04,55,53,53,0.0364,validation,synthetic
ATT-000570,FAC-001,2025-05-12,LINE-04,56,53,50,0.0536,validation,synthetic
ATT-000571,FAC-001,2025-05-13,LINE-04,53,50,50,0.0566,validation,synthetic
ATT-000572,FAC-001,2025-05-14,LINE-04,55,52,51,0.0545,validation,synthetic
ATT-000573,FAC-001,2025-05-15,LINE-04,52,51,50,0.0192,validation,synthetic
ATT-000574,FAC-001,2025-05-17,LINE-04,55,53,52,0.0364,validation,synthetic
ATT-000575,FAC-001,2025-05-18,LINE-04,52,49,46,0.0577,validation,synthetic
ATT-000576,FAC-001,2025-05-19,LINE-04,54,51,49,0.0556,validation,synthetic
ATT-000577,FAC-001,2025-05-20,LINE-04,53,50,50,0.0566,validation,synthetic
ATT-000578,FAC-001,2025-05-21,LINE-04,53,50,47,0.0566,validation,synthetic
ATT-000579,FAC-001,2025-05-22,LINE-04,52,50,49,0.0385,validation,synthetic
ATT-000580,FAC-001,2025-05-24,LINE-04,52,49,47,0.0577,validation,synthetic
ATT-000581,FAC-001,2025-05-25,LINE-04,52,51,48,0.0192,validation,synthetic
ATT-000582,FAC-001,2025-05-26,LINE-04,55,53,52,0.0364,validation,synthetic
ATT-000583,FAC-001,2025-05-27,LINE-04,53,50,49,0.0566,validation,synthetic
ATT-000584,FAC-001,2025-05-28,LINE-04,54,50,50,0.0741,validation,synthetic
ATT-000585,FAC-001,2025-05-29,LINE-04,55,52,52,0.0545,validation,synthetic
ATT-000586,FAC-001,2025-05-31,LINE-04,52,50,47,0.0385,validation,synthetic
ATT-000587,FAC-001,2025-06-01,LINE-04,55,53,50,0.0364,test,synthetic
ATT-000588,FAC-001,2025-06-02,LINE-04,52,51,49,0.0192,test,synthetic
ATT-000589,FAC-001,2025-06-03,LINE-04,55,53,52,0.0364,test,synthetic
ATT-000590,FAC-001,2025-06-04,LINE-04,52,50,49,0.0385,test,synthetic
ATT-000591,FAC-001,2025-06-05,LINE-04,53,52,52,0.0189,test,synthetic
ATT-000592,FAC-001,2025-06-07,LINE-04,55,53,52,0.0364,test,synthetic
ATT-000593,FAC-001,2025-06-08,LINE-04,56,53,52,0.0536,test,synthetic
ATT-000594,FAC-001,2025-06-09,LINE-04,54,47,44,0.1296,test,synthetic
ATT-000595,FAC-001,2025-06-10,LINE-04,56,54,52,0.0357,test,synthetic
ATT-000596,FAC-001,2025-06-11,LINE-04,56,53,53,0.0536,test,synthetic
ATT-000597,FAC-001,2025-06-12,LINE-04,54,53,51,0.0185,test,synthetic
ATT-000598,FAC-001,2025-06-14,LINE-04,52,51,51,0.0192,test,synthetic
ATT-000599,FAC-001,2025-06-15,LINE-04,54,53,50,0.0185,test,synthetic
ATT-000600,FAC-001,2025-06-16,LINE-04,55,54,52,0.0182,test,synthetic
ATT-000601,FAC-001,2025-06-17,LINE-04,55,53,51,0.0364,test,synthetic
ATT-000602,FAC-001,2025-06-18,LINE-04,54,53,52,0.0185,test,synthetic
ATT-000603,FAC-001,2025-06-19,LINE-04,56,54,51,0.0357,test,synthetic
ATT-000604,FAC-001,2025-06-21,LINE-04,55,54,52,0.0182,test,synthetic
ATT-000605,FAC-001,2025-06-22,LINE-04,53,52,51,0.0189,test,synthetic
ATT-000606,FAC-001,2025-06-23,LINE-04,56,54,54,0.0357,test,synthetic
ATT-000607,FAC-001,2025-06-24,LINE-04,56,55,54,0.0179,test,synthetic
ATT-000608,FAC-001,2025-06-25,LINE-04,52,46,45,0.1154,test,synthetic
ATT-000609,FAC-001,2025-06-26,LINE-04,55,51,49,0.0727,test,synthetic
ATT-000610,FAC-001,2025-06-28,LINE-04,53,45,44,0.1509,test,synthetic
ATT-000611,FAC-001,2025-06-29,LINE-04,56,53,50,0.0536,test,synthetic
ATT-000612,FAC-001,2025-06-30,LINE-04,53,50,47,0.0566,test,synthetic
ATT-000613,FAC-001,2025-01-04,LINE-05,49,47,47,0.0408,train,synthetic
ATT-000614,FAC-001,2025-01-05,LINE-05,52,46,46,0.1154,train,synthetic
ATT-000615,FAC-001,2025-01-06,LINE-05,52,50,48,0.0385,train,synthetic
ATT-000616,FAC-001,2025-01-07,LINE-05,49,43,42,0.1224,train,synthetic
ATT-000617,FAC-001,2025-01-08,LINE-05,48,47,45,0.0208,train,synthetic
ATT-000618,FAC-001,2025-01-09,LINE-05,49,48,45,0.0204,train,synthetic
ATT-000619,FAC-001,2025-01-11,LINE-05,50,44,42,0.12,train,synthetic
ATT-000620,FAC-001,2025-01-12,LINE-05,52,48,46,0.0769,train,synthetic
ATT-000621,FAC-001,2025-01-13,LINE-05,52,49,47,0.0577,train,synthetic
ATT-000622,FAC-001,2025-01-14,LINE-05,49,45,43,0.0816,train,synthetic
ATT-000623,FAC-001,2025-01-15,LINE-05,49,48,46,0.0204,train,synthetic
ATT-000624,FAC-001,2025-01-16,LINE-05,49,47,46,0.0408,train,synthetic
ATT-000625,FAC-001,2025-01-18,LINE-05,52,51,49,0.0192,train,synthetic
ATT-000626,FAC-001,2025-01-19,LINE-05,51,48,45,0.0588,train,synthetic
ATT-000627,FAC-001,2025-01-20,LINE-05,52,50,49,0.0385,train,synthetic
ATT-000628,FAC-001,2025-01-21,LINE-05,49,45,43,0.0816,train,synthetic
ATT-000629,FAC-001,2025-01-22,LINE-05,52,50,49,0.0385,train,synthetic
ATT-000630,FAC-001,2025-01-23,LINE-05,48,47,44,0.0208,train,synthetic
ATT-000631,FAC-001,2025-01-25,LINE-05,49,46,45,0.0612,train,synthetic
ATT-000632,FAC-001,2025-01-26,LINE-05,52,48,48,0.0769,train,synthetic
ATT-000633,FAC-001,2025-01-27,LINE-05,49,48,47,0.0204,train,synthetic
ATT-000634,FAC-001,2025-01-28,LINE-05,51,49,46,0.0392,train,synthetic
ATT-000635,FAC-001,2025-01-29,LINE-05,50,49,48,0.02,train,synthetic
ATT-000636,FAC-001,2025-01-30,LINE-05,50,48,48,0.04,train,synthetic
ATT-000637,FAC-001,2025-02-01,LINE-05,48,45,44,0.0625,train,synthetic
ATT-000638,FAC-001,2025-02-02,LINE-05,48,45,45,0.0625,train,synthetic
ATT-000639,FAC-001,2025-02-03,LINE-05,48,46,44,0.0417,train,synthetic
ATT-000640,FAC-001,2025-02-04,LINE-05,51,47,45,0.0784,train,synthetic
ATT-000641,FAC-001,2025-02-05,LINE-05,51,48,48,0.0588,train,synthetic
ATT-000642,FAC-001,2025-02-06,LINE-05,48,46,43,0.0417,train,synthetic
ATT-000643,FAC-001,2025-02-08,LINE-05,51,50,48,0.0196,train,synthetic
ATT-000644,FAC-001,2025-02-09,LINE-05,52,49,46,0.0577,train,synthetic
ATT-000645,FAC-001,2025-02-10,LINE-05,50,49,47,0.02,train,synthetic
ATT-000646,FAC-001,2025-02-11,LINE-05,49,48,48,0.0204,train,synthetic
ATT-000647,FAC-001,2025-02-12,LINE-05,50,47,46,0.06,train,synthetic
ATT-000648,FAC-001,2025-02-13,LINE-05,48,45,42,0.0625,train,synthetic
ATT-000649,FAC-001,2025-02-15,LINE-05,48,46,44,0.0417,train,synthetic
ATT-000650,FAC-001,2025-02-16,LINE-05,51,48,45,0.0588,train,synthetic
ATT-000651,FAC-001,2025-02-17,LINE-05,51,50,50,0.0196,train,synthetic
ATT-000652,FAC-001,2025-02-18,LINE-05,50,48,45,0.04,train,synthetic
ATT-000653,FAC-001,2025-02-19,LINE-05,48,45,42,0.0625,train,synthetic
ATT-000654,FAC-001,2025-02-20,LINE-05,51,48,46,0.0588,train,synthetic
ATT-000655,FAC-001,2025-02-22,LINE-05,49,46,45,0.0612,train,synthetic
ATT-000656,FAC-001,2025-02-23,LINE-05,48,45,44,0.0625,train,synthetic
ATT-000657,FAC-001,2025-02-24,LINE-05,48,47,47,0.0208,train,synthetic
ATT-000658,FAC-001,2025-02-25,LINE-05,51,48,47,0.0588,train,synthetic
ATT-000659,FAC-001,2025-02-26,LINE-05,49,48,45,0.0204,train,synthetic
ATT-000660,FAC-001,2025-02-27,LINE-05,49,48,48,0.0204,train,synthetic
ATT-000661,FAC-001,2025-03-01,LINE-05,49,47,44,0.0408,train,synthetic
ATT-000662,FAC-001,2025-03-02,LINE-05,48,46,43,0.0417,train,synthetic
ATT-000663,FAC-001,2025-03-03,LINE-05,51,50,48,0.0196,train,synthetic
ATT-000664,FAC-001,2025-03-04,LINE-05,49,47,46,0.0408,train,synthetic
ATT-000665,FAC-001,2025-03-05,LINE-05,52,50,48,0.0385,train,synthetic
ATT-000666,FAC-001,2025-03-06,LINE-05,48,47,44,0.0208,train,synthetic
ATT-000667,FAC-001,2025-03-08,LINE-05,48,45,42,0.0625,train,synthetic
ATT-000668,FAC-001,2025-03-09,LINE-05,51,49,48,0.0392,train,synthetic
ATT-000669,FAC-001,2025-03-10,LINE-05,49,46,43,0.0612,train,synthetic
ATT-000670,FAC-001,2025-03-11,LINE-05,50,46,44,0.08,train,synthetic
ATT-000671,FAC-001,2025-03-12,LINE-05,51,49,46,0.0392,train,synthetic
ATT-000672,FAC-001,2025-03-13,LINE-05,52,50,48,0.0385,train,synthetic
ATT-000673,FAC-001,2025-03-15,LINE-05,48,47,44,0.0208,train,synthetic
ATT-000674,FAC-001,2025-03-16,LINE-05,50,49,49,0.02,train,synthetic
ATT-000675,FAC-001,2025-03-17,LINE-05,48,45,43,0.0625,train,synthetic
ATT-000676,FAC-001,2025-03-18,LINE-05,48,45,42,0.0625,train,synthetic
ATT-000677,FAC-001,2025-03-19,LINE-05,52,43,43,0.1731,train,synthetic
ATT-000678,FAC-001,2025-03-20,LINE-05,51,48,46,0.0588,train,synthetic
ATT-000679,FAC-001,2025-03-22,LINE-05,48,47,44,0.0208,train,synthetic
ATT-000680,FAC-001,2025-03-23,LINE-05,52,51,51,0.0192,train,synthetic
ATT-000681,FAC-001,2025-03-24,LINE-05,50,48,48,0.04,train,synthetic
ATT-000682,FAC-001,2025-03-25,LINE-05,51,49,46,0.0392,train,synthetic
ATT-000683,FAC-001,2025-03-26,LINE-05,51,48,46,0.0588,train,synthetic
ATT-000684,FAC-001,2025-03-27,LINE-05,48,45,42,0.0625,train,synthetic
ATT-000685,FAC-001,2025-03-29,LINE-05,51,43,41,0.1569,train,synthetic
ATT-000686,FAC-001,2025-03-30,LINE-05,51,48,45,0.0588,train,synthetic
ATT-000687,FAC-001,2025-03-31,LINE-05,48,45,45,0.0625,train,synthetic
ATT-000688,FAC-001,2025-04-01,LINE-05,50,45,44,0.1,train,synthetic
ATT-000689,FAC-001,2025-04-02,LINE-05,51,48,45,0.0588,train,synthetic
ATT-000690,FAC-001,2025-04-03,LINE-05,52,50,50,0.0385,train,synthetic
ATT-000691,FAC-001,2025-04-05,LINE-05,50,47,45,0.06,train,synthetic
ATT-000692,FAC-001,2025-04-06,LINE-05,50,49,46,0.02,train,synthetic
ATT-000693,FAC-001,2025-04-07,LINE-05,49,46,44,0.0612,train,synthetic
ATT-000694,FAC-001,2025-04-08,LINE-05,48,44,43,0.0833,train,synthetic
ATT-000695,FAC-001,2025-04-09,LINE-05,52,50,48,0.0385,train,synthetic
ATT-000696,FAC-001,2025-04-10,LINE-05,49,42,42,0.1429,train,synthetic
ATT-000697,FAC-001,2025-04-12,LINE-05,48,47,45,0.0208,train,synthetic
ATT-000698,FAC-001,2025-04-13,LINE-05,48,46,44,0.0417,train,synthetic
ATT-000699,FAC-001,2025-04-14,LINE-05,50,47,47,0.06,train,synthetic
ATT-000700,FAC-001,2025-04-15,LINE-05,51,49,47,0.0392,train,synthetic
ATT-000701,FAC-001,2025-04-16,LINE-05,48,45,44,0.0625,train,synthetic
ATT-000702,FAC-001,2025-04-17,LINE-05,49,40,40,0.1837,train,synthetic
ATT-000703,FAC-001,2025-04-19,LINE-05,50,47,46,0.06,train,synthetic
ATT-000704,FAC-001,2025-04-20,LINE-05,50,47,46,0.06,train,synthetic
ATT-000705,FAC-001,2025-04-21,LINE-05,50,47,47,0.06,train,synthetic
ATT-000706,FAC-001,2025-04-22,LINE-05,51,48,47,0.0588,train,synthetic
ATT-000707,FAC-001,2025-04-23,LINE-05,51,49,48,0.0392,train,synthetic
ATT-000708,FAC-001,2025-04-24,LINE-05,52,49,49,0.0577,train,synthetic
ATT-000709,FAC-001,2025-04-26,LINE-05,51,49,46,0.0392,train,synthetic
ATT-000710,FAC-001,2025-04-27,LINE-05,48,47,46,0.0208,train,synthetic
ATT-000711,FAC-001,2025-04-28,LINE-05,52,45,45,0.1346,train,synthetic
ATT-000712,FAC-001,2025-04-29,LINE-05,49,47,46,0.0408,train,synthetic
ATT-000713,FAC-001,2025-04-30,LINE-05,50,47,45,0.06,train,synthetic
ATT-000714,FAC-001,2025-05-01,LINE-05,50,47,47,0.06,validation,synthetic
ATT-000715,FAC-001,2025-05-03,LINE-05,48,45,44,0.0625,validation,synthetic
ATT-000716,FAC-001,2025-05-04,LINE-05,48,45,42,0.0625,validation,synthetic
ATT-000717,FAC-001,2025-05-05,LINE-05,48,46,43,0.0417,validation,synthetic
ATT-000718,FAC-001,2025-05-06,LINE-05,50,41,41,0.18,validation,synthetic
ATT-000719,FAC-001,2025-05-07,LINE-05,48,47,44,0.0208,validation,synthetic
ATT-000720,FAC-001,2025-05-08,LINE-05,52,49,48,0.0577,validation,synthetic
ATT-000721,FAC-001,2025-05-10,LINE-05,48,45,42,0.0625,validation,synthetic
ATT-000722,FAC-001,2025-05-11,LINE-05,48,46,46,0.0417,validation,synthetic
ATT-000723,FAC-001,2025-05-12,LINE-05,52,51,48,0.0192,validation,synthetic
ATT-000724,FAC-001,2025-05-13,LINE-05,49,48,46,0.0204,validation,synthetic
ATT-000725,FAC-001,2025-05-14,LINE-05,49,46,45,0.0612,validation,synthetic
ATT-000726,FAC-001,2025-05-15,LINE-05,51,50,50,0.0196,validation,synthetic
ATT-000727,FAC-001,2025-05-17,LINE-05,51,50,47,0.0196,validation,synthetic
ATT-000728,FAC-001,2025-05-18,LINE-05,52,45,44,0.1346,validation,synthetic
ATT-000729,FAC-001,2025-05-19,LINE-05,52,48,46,0.0769,validation,synthetic
ATT-000730,FAC-001,2025-05-20,LINE-05,49,48,45,0.0204,validation,synthetic
ATT-000731,FAC-001,2025-05-21,LINE-05,48,46,44,0.0417,validation,synthetic
ATT-000732,FAC-001,2025-05-22,LINE-05,50,47,45,0.06,validation,synthetic
ATT-000733,FAC-001,2025-05-24,LINE-05,51,48,46,0.0588,validation,synthetic
ATT-000734,FAC-001,2025-05-25,LINE-05,52,49,47,0.0577,validation,synthetic
ATT-000735,FAC-001,2025-05-26,LINE-05,51,48,45,0.0588,validation,synthetic
ATT-000736,FAC-001,2025-05-27,LINE-05,48,45,43,0.0625,validation,synthetic
ATT-000737,FAC-001,2025-05-28,LINE-05,52,45,44,0.1346,validation,synthetic
ATT-000738,FAC-001,2025-05-29,LINE-05,51,49,48,0.0392,validation,synthetic
ATT-000739,FAC-001,2025-05-31,LINE-05,52,49,46,0.0577,validation,synthetic
ATT-000740,FAC-001,2025-06-01,LINE-05,48,47,44,0.0208,test,synthetic
ATT-000741,FAC-001,2025-06-02,LINE-05,50,43,42,0.14,test,synthetic
ATT-000742,FAC-001,2025-06-03,LINE-05,50,41,38,0.18,test,synthetic
ATT-000743,FAC-001,2025-06-04,LINE-05,49,47,45,0.0408,test,synthetic
ATT-000744,FAC-001,2025-06-05,LINE-05,50,48,46,0.04,test,synthetic
ATT-000745,FAC-001,2025-06-07,LINE-05,48,47,47,0.0208,test,synthetic
ATT-000746,FAC-001,2025-06-08,LINE-05,49,46,45,0.0612,test,synthetic
ATT-000747,FAC-001,2025-06-09,LINE-05,51,49,46,0.0392,test,synthetic
ATT-000748,FAC-001,2025-06-10,LINE-05,48,44,44,0.0833,test,synthetic
ATT-000749,FAC-001,2025-06-11,LINE-05,49,47,46,0.0408,test,synthetic
ATT-000750,FAC-001,2025-06-12,LINE-05,49,47,47,0.0408,test,synthetic
ATT-000751,FAC-001,2025-06-14,LINE-05,50,47,44,0.06,test,synthetic
ATT-000752,FAC-001,2025-06-15,LINE-05,50,42,40,0.16,test,synthetic
ATT-000753,FAC-001,2025-06-16,LINE-05,51,47,46,0.0784,test,synthetic
ATT-000754,FAC-001,2025-06-17,LINE-05,48,47,46,0.0208,test,synthetic
ATT-000755,FAC-001,2025-06-18,LINE-05,49,47,44,0.0408,test,synthetic
ATT-000756,FAC-001,2025-06-19,LINE-05,49,47,46,0.0408,test,synthetic
ATT-000757,FAC-001,2025-06-21,LINE-05,48,46,45,0.0417,test,synthetic
ATT-000758,FAC-001,2025-06-22,LINE-05,50,46,44,0.08,test,synthetic
ATT-000759,FAC-001,2025-06-23,LINE-05,52,50,49,0.0385,test,synthetic
ATT-000760,FAC-001,2025-06-24,LINE-05,52,51,51,0.0192,test,synthetic
ATT-000761,FAC-001,2025-06-25,LINE-05,52,50,48,0.0385,test,synthetic
ATT-000762,FAC-001,2025-06-26,LINE-05,52,49,48,0.0577,test,synthetic
ATT-000763,FAC-001,2025-06-28,LINE-05,52,50,50,0.0385,test,synthetic
ATT-000764,FAC-001,2025-06-29,LINE-05,52,51,49,0.0192,test,synthetic
ATT-000765,FAC-001,2025-06-30,LINE-05,50,48,45,0.04,test,synthetic
ATT-000766,FAC-001,2025-01-04,LINE-06,47,45,44,0.0426,train,synthetic
ATT-000767,FAC-001,2025-01-05,LINE-06,47,39,39,0.1702,train,synthetic
ATT-000768,FAC-001,2025-01-06,LINE-06,46,40,40,0.1304,train,synthetic
ATT-000769,FAC-001,2025-01-07,LINE-06,44,42,41,0.0455,train,synthetic
ATT-000770,FAC-001,2025-01-08,LINE-06,45,43,42,0.0444,train,synthetic
ATT-000771,FAC-001,2025-01-09,LINE-06,45,44,44,0.0222,train,synthetic
ATT-000772,FAC-001,2025-01-11,LINE-06,44,42,41,0.0455,train,synthetic
ATT-000773,FAC-001,2025-01-12,LINE-06,48,46,43,0.0417,train,synthetic
ATT-000774,FAC-001,2025-01-13,LINE-06,45,39,39,0.1333,train,synthetic
ATT-000775,FAC-001,2025-01-14,LINE-06,47,44,41,0.0638,train,synthetic
ATT-000776,FAC-001,2025-01-15,LINE-06,46,44,44,0.0435,train,synthetic
ATT-000777,FAC-001,2025-01-16,LINE-06,48,46,44,0.0417,train,synthetic
ATT-000778,FAC-001,2025-01-18,LINE-06,45,42,40,0.0667,train,synthetic
ATT-000779,FAC-001,2025-01-19,LINE-06,47,44,44,0.0638,train,synthetic
ATT-000780,FAC-001,2025-01-20,LINE-06,48,46,44,0.0417,train,synthetic
ATT-000781,FAC-001,2025-01-21,LINE-06,46,44,42,0.0435,train,synthetic
ATT-000782,FAC-001,2025-01-22,LINE-06,47,44,42,0.0638,train,synthetic
ATT-000783,FAC-001,2025-01-23,LINE-06,44,42,41,0.0455,train,synthetic
ATT-000784,FAC-001,2025-01-25,LINE-06,44,42,40,0.0455,train,synthetic
ATT-000785,FAC-001,2025-01-26,LINE-06,45,42,42,0.0667,train,synthetic
ATT-000786,FAC-001,2025-01-27,LINE-06,45,44,41,0.0222,train,synthetic
ATT-000787,FAC-001,2025-01-28,LINE-06,46,44,42,0.0435,train,synthetic
ATT-000788,FAC-001,2025-01-29,LINE-06,45,43,43,0.0444,train,synthetic
ATT-000789,FAC-001,2025-01-30,LINE-06,46,44,44,0.0435,train,synthetic
ATT-000790,FAC-001,2025-02-01,LINE-06,48,46,46,0.0417,train,synthetic
ATT-000791,FAC-001,2025-02-02,LINE-06,45,43,43,0.0444,train,synthetic
ATT-000792,FAC-001,2025-02-03,LINE-06,44,43,42,0.0227,train,synthetic
ATT-000793,FAC-001,2025-02-04,LINE-06,48,43,42,0.1042,train,synthetic
ATT-000794,FAC-001,2025-02-05,LINE-06,48,47,45,0.0208,train,synthetic
ATT-000795,FAC-001,2025-02-06,LINE-06,48,45,42,0.0625,train,synthetic
ATT-000796,FAC-001,2025-02-08,LINE-06,47,44,41,0.0638,train,synthetic
ATT-000797,FAC-001,2025-02-09,LINE-06,46,44,41,0.0435,train,synthetic
ATT-000798,FAC-001,2025-02-10,LINE-06,45,43,42,0.0444,train,synthetic
ATT-000799,FAC-001,2025-02-11,LINE-06,46,43,43,0.0652,train,synthetic
ATT-000800,FAC-001,2025-02-12,LINE-06,44,41,39,0.0682,train,synthetic
ATT-000801,FAC-001,2025-02-13,LINE-06,45,44,42,0.0222,train,synthetic
ATT-000802,FAC-001,2025-02-15,LINE-06,45,42,41,0.0667,train,synthetic
ATT-000803,FAC-001,2025-02-16,LINE-06,44,41,38,0.0682,train,synthetic
ATT-000804,FAC-001,2025-02-17,LINE-06,47,44,44,0.0638,train,synthetic
ATT-000805,FAC-001,2025-02-18,LINE-06,46,43,43,0.0652,train,synthetic
ATT-000806,FAC-001,2025-02-19,LINE-06,48,47,47,0.0208,train,synthetic
ATT-000807,FAC-001,2025-02-20,LINE-06,48,45,45,0.0625,train,synthetic
ATT-000808,FAC-001,2025-02-22,LINE-06,46,43,40,0.0652,train,synthetic
ATT-000809,FAC-001,2025-02-23,LINE-06,44,42,42,0.0455,train,synthetic
ATT-000810,FAC-001,2025-02-24,LINE-06,48,46,46,0.0417,train,synthetic
ATT-000811,FAC-001,2025-02-25,LINE-06,48,47,45,0.0208,train,synthetic
ATT-000812,FAC-001,2025-02-26,LINE-06,47,45,42,0.0426,train,synthetic
ATT-000813,FAC-001,2025-02-27,LINE-06,44,41,41,0.0682,train,synthetic
ATT-000814,FAC-001,2025-03-01,LINE-06,45,44,41,0.0222,train,synthetic
ATT-000815,FAC-001,2025-03-02,LINE-06,47,44,42,0.0638,train,synthetic
ATT-000816,FAC-001,2025-03-03,LINE-06,45,43,43,0.0444,train,synthetic
ATT-000817,FAC-001,2025-03-04,LINE-06,47,44,43,0.0638,train,synthetic
ATT-000818,FAC-001,2025-03-05,LINE-06,45,44,43,0.0222,train,synthetic
ATT-000819,FAC-001,2025-03-06,LINE-06,48,45,43,0.0625,train,synthetic
ATT-000820,FAC-001,2025-03-08,LINE-06,48,47,46,0.0208,train,synthetic
ATT-000821,FAC-001,2025-03-09,LINE-06,48,45,45,0.0625,train,synthetic
ATT-000822,FAC-001,2025-03-10,LINE-06,48,47,45,0.0208,train,synthetic
ATT-000823,FAC-001,2025-03-11,LINE-06,46,43,40,0.0652,train,synthetic
ATT-000824,FAC-001,2025-03-12,LINE-06,47,44,44,0.0638,train,synthetic
ATT-000825,FAC-001,2025-03-13,LINE-06,45,43,41,0.0444,train,synthetic
ATT-000826,FAC-001,2025-03-15,LINE-06,44,41,38,0.0682,train,synthetic
ATT-000827,FAC-001,2025-03-16,LINE-06,47,44,41,0.0638,train,synthetic
ATT-000828,FAC-001,2025-03-17,LINE-06,47,45,42,0.0426,train,synthetic
ATT-000829,FAC-001,2025-03-18,LINE-06,45,40,37,0.1111,train,synthetic
ATT-000830,FAC-001,2025-03-19,LINE-06,48,45,43,0.0625,train,synthetic
ATT-000831,FAC-001,2025-03-20,LINE-06,45,43,43,0.0444,train,synthetic
ATT-000832,FAC-001,2025-03-22,LINE-06,45,42,42,0.0667,train,synthetic
ATT-000833,FAC-001,2025-03-23,LINE-06,48,44,43,0.0833,train,synthetic
ATT-000834,FAC-001,2025-03-24,LINE-06,47,45,44,0.0426,train,synthetic
ATT-000835,FAC-001,2025-03-25,LINE-06,46,44,41,0.0435,train,synthetic
ATT-000836,FAC-001,2025-03-26,LINE-06,45,44,43,0.0222,train,synthetic
ATT-000837,FAC-001,2025-03-27,LINE-06,44,42,40,0.0455,train,synthetic
ATT-000838,FAC-001,2025-03-29,LINE-06,48,45,42,0.0625,train,synthetic
ATT-000839,FAC-001,2025-03-30,LINE-06,46,45,44,0.0217,train,synthetic
ATT-000840,FAC-001,2025-03-31,LINE-06,48,45,42,0.0625,train,synthetic
ATT-000841,FAC-001,2025-04-01,LINE-06,45,39,39,0.1333,train,synthetic
ATT-000842,FAC-001,2025-04-02,LINE-06,48,46,45,0.0417,train,synthetic
ATT-000843,FAC-001,2025-04-03,LINE-06,44,42,41,0.0455,train,synthetic
ATT-000844,FAC-001,2025-04-05,LINE-06,46,43,40,0.0652,train,synthetic
ATT-000845,FAC-001,2025-04-06,LINE-06,44,43,42,0.0227,train,synthetic
ATT-000846,FAC-001,2025-04-07,LINE-06,45,44,43,0.0222,train,synthetic
ATT-000847,FAC-001,2025-04-08,LINE-06,44,41,41,0.0682,train,synthetic
ATT-000848,FAC-001,2025-04-09,LINE-06,48,46,43,0.0417,train,synthetic
ATT-000849,FAC-001,2025-04-10,LINE-06,47,45,42,0.0426,train,synthetic
ATT-000850,FAC-001,2025-04-12,LINE-06,47,45,42,0.0426,train,synthetic
ATT-000851,FAC-001,2025-04-13,LINE-06,47,46,44,0.0213,train,synthetic
ATT-000852,FAC-001,2025-04-14,LINE-06,45,43,40,0.0444,train,synthetic
ATT-000853,FAC-001,2025-04-15,LINE-06,44,41,38,0.0682,train,synthetic
ATT-000854,FAC-001,2025-04-16,LINE-06,46,44,42,0.0435,train,synthetic
ATT-000855,FAC-001,2025-04-17,LINE-06,44,41,40,0.0682,train,synthetic
ATT-000856,FAC-001,2025-04-19,LINE-06,47,46,44,0.0213,train,synthetic
ATT-000857,FAC-001,2025-04-20,LINE-06,44,39,38,0.1136,train,synthetic
ATT-000858,FAC-001,2025-04-21,LINE-06,47,46,45,0.0213,train,synthetic
ATT-000859,FAC-001,2025-04-22,LINE-06,46,43,42,0.0652,train,synthetic
ATT-000860,FAC-001,2025-04-23,LINE-06,44,41,38,0.0682,train,synthetic
ATT-000861,FAC-001,2025-04-24,LINE-06,46,43,41,0.0652,train,synthetic
ATT-000862,FAC-001,2025-04-26,LINE-06,48,47,45,0.0208,train,synthetic
ATT-000863,FAC-001,2025-04-27,LINE-06,47,44,42,0.0638,train,synthetic
ATT-000864,FAC-001,2025-04-28,LINE-06,44,42,39,0.0455,train,synthetic
ATT-000865,FAC-001,2025-04-29,LINE-06,47,44,41,0.0638,train,synthetic
ATT-000866,FAC-001,2025-04-30,LINE-06,48,45,43,0.0625,train,synthetic
ATT-000867,FAC-001,2025-05-01,LINE-06,46,45,43,0.0217,validation,synthetic
ATT-000868,FAC-001,2025-05-03,LINE-06,47,45,42,0.0426,validation,synthetic
ATT-000869,FAC-001,2025-05-04,LINE-06,48,46,43,0.0417,validation,synthetic
ATT-000870,FAC-001,2025-05-05,LINE-06,47,44,41,0.0638,validation,synthetic
ATT-000871,FAC-001,2025-05-06,LINE-06,44,41,39,0.0682,validation,synthetic
ATT-000872,FAC-001,2025-05-07,LINE-06,44,42,39,0.0455,validation,synthetic
ATT-000873,FAC-001,2025-05-08,LINE-06,46,43,41,0.0652,validation,synthetic
ATT-000874,FAC-001,2025-05-10,LINE-06,47,44,41,0.0638,validation,synthetic
ATT-000875,FAC-001,2025-05-11,LINE-06,46,45,42,0.0217,validation,synthetic
ATT-000876,FAC-001,2025-05-12,LINE-06,44,41,39,0.0682,validation,synthetic
ATT-000877,FAC-001,2025-05-13,LINE-06,45,44,44,0.0222,validation,synthetic
ATT-000878,FAC-001,2025-05-14,LINE-06,44,41,39,0.0682,validation,synthetic
ATT-000879,FAC-001,2025-05-15,LINE-06,45,44,42,0.0222,validation,synthetic
ATT-000880,FAC-001,2025-05-17,LINE-06,44,42,42,0.0455,validation,synthetic
ATT-000881,FAC-001,2025-05-18,LINE-06,47,45,45,0.0426,validation,synthetic
ATT-000882,FAC-001,2025-05-19,LINE-06,48,47,44,0.0208,validation,synthetic
ATT-000883,FAC-001,2025-05-20,LINE-06,44,43,40,0.0227,validation,synthetic
ATT-000884,FAC-001,2025-05-21,LINE-06,45,44,41,0.0222,validation,synthetic
ATT-000885,FAC-001,2025-05-22,LINE-06,44,42,42,0.0455,validation,synthetic
ATT-000886,FAC-001,2025-05-24,LINE-06,44,41,40,0.0682,validation,synthetic
ATT-000887,FAC-001,2025-05-25,LINE-06,47,45,43,0.0426,validation,synthetic
ATT-000888,FAC-001,2025-05-26,LINE-06,44,43,41,0.0227,validation,synthetic
ATT-000889,FAC-001,2025-05-27,LINE-06,47,44,44,0.0638,validation,synthetic
ATT-000890,FAC-001,2025-05-28,LINE-06,45,44,41,0.0222,validation,synthetic
ATT-000891,FAC-001,2025-05-29,LINE-06,44,42,39,0.0455,validation,synthetic
ATT-000892,FAC-001,2025-05-31,LINE-06,44,43,42,0.0227,validation,synthetic
ATT-000893,FAC-001,2025-06-01,LINE-06,48,44,41,0.0833,test,synthetic
ATT-000894,FAC-001,2025-06-02,LINE-06,48,45,42,0.0625,test,synthetic
ATT-000895,FAC-001,2025-06-03,LINE-06,47,44,43,0.0638,test,synthetic
ATT-000896,FAC-001,2025-06-04,LINE-06,44,41,40,0.0682,test,synthetic
ATT-000897,FAC-001,2025-06-05,LINE-06,44,42,39,0.0455,test,synthetic
ATT-000898,FAC-001,2025-06-07,LINE-06,44,39,39,0.1136,test,synthetic
ATT-000899,FAC-001,2025-06-08,LINE-06,47,45,45,0.0426,test,synthetic
ATT-000900,FAC-001,2025-06-09,LINE-06,45,44,43,0.0222,test,synthetic
ATT-000901,FAC-001,2025-06-10,LINE-06,48,47,47,0.0208,test,synthetic
ATT-000902,FAC-001,2025-06-11,LINE-06,45,43,42,0.0444,test,synthetic
ATT-000903,FAC-001,2025-06-12,LINE-06,47,42,41,0.1064,test,synthetic
ATT-000904,FAC-001,2025-06-14,LINE-06,46,43,43,0.0652,test,synthetic
ATT-000905,FAC-001,2025-06-15,LINE-06,46,44,43,0.0435,test,synthetic
ATT-000906,FAC-001,2025-06-16,LINE-06,46,45,43,0.0217,test,synthetic
ATT-000907,FAC-001,2025-06-17,LINE-06,44,42,39,0.0455,test,synthetic
ATT-000908,FAC-001,2025-06-18,LINE-06,48,44,42,0.0833,test,synthetic
ATT-000909,FAC-001,2025-06-19,LINE-06,45,44,41,0.0222,test,synthetic
ATT-000910,FAC-001,2025-06-21,LINE-06,46,44,44,0.0435,test,synthetic
ATT-000911,FAC-001,2025-06-22,LINE-06,44,41,41,0.0682,test,synthetic
ATT-000912,FAC-001,2025-06-23,LINE-06,46,44,43,0.0435,test,synthetic
ATT-000913,FAC-001,2025-06-24,LINE-06,46,45,44,0.0217,test,synthetic
ATT-000914,FAC-001,2025-06-25,LINE-06,44,41,40,0.0682,test,synthetic
ATT-000915,FAC-001,2025-06-26,LINE-06,46,45,42,0.0217,test,synthetic
ATT-000916,FAC-001,2025-06-28,LINE-06,48,47,46,0.0208,test,synthetic
ATT-000917,FAC-001,2025-06-29,LINE-06,48,45,42,0.0625,test,synthetic
ATT-000918,FAC-001,2025-06-30,LINE-06,45,43,42,0.0444,test,synthetic
ATT-000919,FAC-001,2025-01-04,LINE-07,55,52,49,0.0545,train,synthetic
ATT-000920,FAC-001,2025-01-05,LINE-07,54,47,46,0.1296,train,synthetic
ATT-000921,FAC-001,2025-01-06,LINE-07,56,53,52,0.0536,train,synthetic
ATT-000922,FAC-001,2025-01-07,LINE-07,54,51,48,0.0556,train,synthetic
ATT-000923,FAC-001,2025-01-08,LINE-07,54,52,49,0.037,train,synthetic
ATT-000924,FAC-001,2025-01-09,LINE-07,55,51,49,0.0727,train,synthetic
ATT-000925,FAC-001,2025-01-11,LINE-07,58,54,52,0.069,train,synthetic
ATT-000926,FAC-001,2025-01-12,LINE-07,58,55,54,0.0517,train,synthetic
ATT-000927,FAC-001,2025-01-13,LINE-07,54,51,50,0.0556,train,synthetic
ATT-000928,FAC-001,2025-01-14,LINE-07,55,51,48,0.0727,train,synthetic
ATT-000929,FAC-001,2025-01-15,LINE-07,54,48,48,0.1111,train,synthetic
ATT-000930,FAC-001,2025-01-16,LINE-07,55,48,48,0.1273,train,synthetic
ATT-000931,FAC-001,2025-01-18,LINE-07,56,53,53,0.0536,train,synthetic
ATT-000932,FAC-001,2025-01-19,LINE-07,56,52,49,0.0714,train,synthetic
ATT-000933,FAC-001,2025-01-20,LINE-07,54,51,51,0.0556,train,synthetic
ATT-000934,FAC-001,2025-01-21,LINE-07,55,52,52,0.0545,train,synthetic
ATT-000935,FAC-001,2025-01-22,LINE-07,55,53,50,0.0364,train,synthetic
ATT-000936,FAC-001,2025-01-23,LINE-07,54,51,51,0.0556,train,synthetic
ATT-000937,FAC-001,2025-01-25,LINE-07,56,54,54,0.0357,train,synthetic
ATT-000938,FAC-001,2025-01-26,LINE-07,57,52,52,0.0877,train,synthetic
ATT-000939,FAC-001,2025-01-27,LINE-07,56,46,45,0.1786,train,synthetic
ATT-000940,FAC-001,2025-01-28,LINE-07,54,51,50,0.0556,train,synthetic
ATT-000941,FAC-001,2025-01-29,LINE-07,56,52,51,0.0714,train,synthetic
ATT-000942,FAC-001,2025-01-30,LINE-07,57,55,53,0.0351,train,synthetic
ATT-000943,FAC-001,2025-02-01,LINE-07,56,54,52,0.0357,train,synthetic
ATT-000944,FAC-001,2025-02-02,LINE-07,58,57,54,0.0172,train,synthetic
ATT-000945,FAC-001,2025-02-03,LINE-07,57,55,54,0.0351,train,synthetic
ATT-000946,FAC-001,2025-02-04,LINE-07,56,55,55,0.0179,train,synthetic
ATT-000947,FAC-001,2025-02-05,LINE-07,57,54,53,0.0526,train,synthetic
ATT-000948,FAC-001,2025-02-06,LINE-07,58,54,52,0.069,train,synthetic
ATT-000949,FAC-001,2025-02-08,LINE-07,58,56,55,0.0345,train,synthetic
ATT-000950,FAC-001,2025-02-09,LINE-07,54,53,50,0.0185,train,synthetic
ATT-000951,FAC-001,2025-02-10,LINE-07,58,56,53,0.0345,train,synthetic
ATT-000952,FAC-001,2025-02-11,LINE-07,56,54,54,0.0357,train,synthetic
ATT-000953,FAC-001,2025-02-12,LINE-07,56,55,55,0.0179,train,synthetic
ATT-000954,FAC-001,2025-02-13,LINE-07,57,53,51,0.0702,train,synthetic
ATT-000955,FAC-001,2025-02-15,LINE-07,58,55,52,0.0517,train,synthetic
ATT-000956,FAC-001,2025-02-16,LINE-07,54,52,52,0.037,train,synthetic
ATT-000957,FAC-001,2025-02-17,LINE-07,54,51,50,0.0556,train,synthetic
ATT-000958,FAC-001,2025-02-18,LINE-07,57,56,55,0.0175,train,synthetic
ATT-000959,FAC-001,2025-02-19,LINE-07,57,54,53,0.0526,train,synthetic
ATT-000960,FAC-001,2025-02-20,LINE-07,55,51,48,0.0727,train,synthetic
ATT-000961,FAC-001,2025-02-22,LINE-07,56,52,50,0.0714,train,synthetic
ATT-000962,FAC-001,2025-02-23,LINE-07,56,48,47,0.1429,train,synthetic
ATT-000963,FAC-001,2025-02-24,LINE-07,55,53,53,0.0364,train,synthetic
ATT-000964,FAC-001,2025-02-25,LINE-07,57,54,54,0.0526,train,synthetic
ATT-000965,FAC-001,2025-02-26,LINE-07,55,53,52,0.0364,train,synthetic
ATT-000966,FAC-001,2025-02-27,LINE-07,56,53,52,0.0536,train,synthetic
ATT-000967,FAC-001,2025-03-01,LINE-07,57,54,54,0.0526,train,synthetic
ATT-000968,FAC-001,2025-03-02,LINE-07,58,56,54,0.0345,train,synthetic
ATT-000969,FAC-001,2025-03-03,LINE-07,56,52,51,0.0714,train,synthetic
ATT-000970,FAC-001,2025-03-04,LINE-07,56,54,53,0.0357,train,synthetic
ATT-000971,FAC-001,2025-03-05,LINE-07,56,55,52,0.0179,train,synthetic
ATT-000972,FAC-001,2025-03-06,LINE-07,55,54,51,0.0182,train,synthetic
ATT-000973,FAC-001,2025-03-08,LINE-07,58,56,53,0.0345,train,synthetic
ATT-000974,FAC-001,2025-03-09,LINE-07,57,55,53,0.0351,train,synthetic
ATT-000975,FAC-001,2025-03-10,LINE-07,56,47,47,0.1607,train,synthetic
ATT-000976,FAC-001,2025-03-11,LINE-07,58,56,55,0.0345,train,synthetic
ATT-000977,FAC-001,2025-03-12,LINE-07,54,52,52,0.037,train,synthetic
ATT-000978,FAC-001,2025-03-13,LINE-07,58,54,53,0.069,train,synthetic
ATT-000979,FAC-001,2025-03-15,LINE-07,58,56,56,0.0345,train,synthetic
ATT-000980,FAC-001,2025-03-16,LINE-07,58,54,54,0.069,train,synthetic
ATT-000981,FAC-001,2025-03-17,LINE-07,54,53,52,0.0185,train,synthetic
ATT-000982,FAC-001,2025-03-18,LINE-07,57,55,53,0.0351,train,synthetic
ATT-000983,FAC-001,2025-03-19,LINE-07,56,55,54,0.0179,train,synthetic
ATT-000984,FAC-001,2025-03-20,LINE-07,54,53,51,0.0185,train,synthetic
ATT-000985,FAC-001,2025-03-22,LINE-07,55,54,51,0.0182,train,synthetic
ATT-000986,FAC-001,2025-03-23,LINE-07,54,51,48,0.0556,train,synthetic
ATT-000987,FAC-001,2025-03-24,LINE-07,58,54,51,0.069,train,synthetic
ATT-000988,FAC-001,2025-03-25,LINE-07,55,54,52,0.0182,train,synthetic
ATT-000989,FAC-001,2025-03-26,LINE-07,56,54,51,0.0357,train,synthetic
ATT-000990,FAC-001,2025-03-27,LINE-07,56,55,54,0.0179,train,synthetic
ATT-000991,FAC-001,2025-03-29,LINE-07,56,53,53,0.0536,train,synthetic
ATT-000992,FAC-001,2025-03-30,LINE-07,58,55,52,0.0517,train,synthetic
ATT-000993,FAC-001,2025-03-31,LINE-07,54,52,52,0.037,train,synthetic
ATT-000994,FAC-001,2025-04-01,LINE-07,57,55,54,0.0351,train,synthetic
ATT-000995,FAC-001,2025-04-02,LINE-07,58,54,51,0.069,train,synthetic
ATT-000996,FAC-001,2025-04-03,LINE-07,56,46,45,0.1786,train,synthetic
ATT-000997,FAC-001,2025-04-05,LINE-07,57,53,52,0.0702,train,synthetic
ATT-000998,FAC-001,2025-04-06,LINE-07,55,54,54,0.0182,train,synthetic
ATT-000999,FAC-001,2025-04-07,LINE-07,56,53,53,0.0536,train,synthetic
ATT-001000,FAC-001,2025-04-08,LINE-07,55,53,51,0.0364,train,synthetic
ATT-001001,FAC-001,2025-04-09,LINE-07,57,54,52,0.0526,train,synthetic
ATT-001002,FAC-001,2025-04-10,LINE-07,55,51,49,0.0727,train,synthetic
ATT-001003,FAC-001,2025-04-12,LINE-07,55,53,53,0.0364,train,synthetic
ATT-001004,FAC-001,2025-04-13,LINE-07,56,55,52,0.0179,train,synthetic
ATT-001005,FAC-001,2025-04-14,LINE-07,55,53,53,0.0364,train,synthetic
ATT-001006,FAC-001,2025-04-15,LINE-07,58,50,49,0.1379,train,synthetic
ATT-001007,FAC-001,2025-04-16,LINE-07,58,56,53,0.0345,train,synthetic
ATT-001008,FAC-001,2025-04-17,LINE-07,58,54,54,0.069,train,synthetic
ATT-001009,FAC-001,2025-04-19,LINE-07,57,53,51,0.0702,train,synthetic
ATT-001010,FAC-001,2025-04-20,LINE-07,58,54,54,0.069,train,synthetic
ATT-001011,FAC-001,2025-04-21,LINE-07,56,52,49,0.0714,train,synthetic
ATT-001012,FAC-001,2025-04-22,LINE-07,54,51,49,0.0556,train,synthetic
ATT-001013,FAC-001,2025-04-23,LINE-07,55,53,51,0.0364,train,synthetic
ATT-001014,FAC-001,2025-04-24,LINE-07,55,53,53,0.0364,train,synthetic
ATT-001015,FAC-001,2025-04-26,LINE-07,57,56,53,0.0175,train,synthetic
ATT-001016,FAC-001,2025-04-27,LINE-07,58,54,52,0.069,train,synthetic
ATT-001017,FAC-001,2025-04-28,LINE-07,54,52,52,0.037,train,synthetic
ATT-001018,FAC-001,2025-04-29,LINE-07,54,50,47,0.0741,train,synthetic
ATT-001019,FAC-001,2025-04-30,LINE-07,57,53,53,0.0702,train,synthetic
ATT-001020,FAC-001,2025-05-01,LINE-07,54,45,44,0.1667,validation,synthetic
ATT-001021,FAC-001,2025-05-03,LINE-07,58,56,56,0.0345,validation,synthetic
ATT-001022,FAC-001,2025-05-04,LINE-07,57,53,52,0.0702,validation,synthetic
ATT-001023,FAC-001,2025-05-05,LINE-07,54,52,50,0.037,validation,synthetic
ATT-001024,FAC-001,2025-05-06,LINE-07,58,57,57,0.0172,validation,synthetic
ATT-001025,FAC-001,2025-05-07,LINE-07,58,54,52,0.069,validation,synthetic
ATT-001026,FAC-001,2025-05-08,LINE-07,58,50,49,0.1379,validation,synthetic
ATT-001027,FAC-001,2025-05-10,LINE-07,58,56,56,0.0345,validation,synthetic
ATT-001028,FAC-001,2025-05-11,LINE-07,56,52,52,0.0714,validation,synthetic
ATT-001029,FAC-001,2025-05-12,LINE-07,57,55,53,0.0351,validation,synthetic
ATT-001030,FAC-001,2025-05-13,LINE-07,57,54,52,0.0526,validation,synthetic
ATT-001031,FAC-001,2025-05-14,LINE-07,56,53,51,0.0536,validation,synthetic
ATT-001032,FAC-001,2025-05-15,LINE-07,58,56,54,0.0345,validation,synthetic
ATT-001033,FAC-001,2025-05-17,LINE-07,58,57,56,0.0172,validation,synthetic
ATT-001034,FAC-001,2025-05-18,LINE-07,54,52,49,0.037,validation,synthetic
ATT-001035,FAC-001,2025-05-19,LINE-07,54,51,50,0.0556,validation,synthetic
ATT-001036,FAC-001,2025-05-20,LINE-07,57,55,55,0.0351,validation,synthetic
ATT-001037,FAC-001,2025-05-21,LINE-07,56,52,49,0.0714,validation,synthetic
ATT-001038,FAC-001,2025-05-22,LINE-07,56,53,50,0.0536,validation,synthetic
ATT-001039,FAC-001,2025-05-24,LINE-07,54,51,49,0.0556,validation,synthetic
ATT-001040,FAC-001,2025-05-25,LINE-07,55,54,54,0.0182,validation,synthetic
ATT-001041,FAC-001,2025-05-26,LINE-07,57,53,53,0.0702,validation,synthetic
ATT-001042,FAC-001,2025-05-27,LINE-07,55,53,51,0.0364,validation,synthetic
ATT-001043,FAC-001,2025-05-28,LINE-07,55,52,49,0.0545,validation,synthetic
ATT-001044,FAC-001,2025-05-29,LINE-07,54,53,53,0.0185,validation,synthetic
ATT-001045,FAC-001,2025-05-31,LINE-07,54,50,47,0.0741,validation,synthetic
ATT-001046,FAC-001,2025-06-01,LINE-07,57,55,55,0.0351,test,synthetic
ATT-001047,FAC-001,2025-06-02,LINE-07,55,52,49,0.0545,test,synthetic
ATT-001048,FAC-001,2025-06-03,LINE-07,57,55,52,0.0351,test,synthetic
ATT-001049,FAC-001,2025-06-04,LINE-07,58,56,56,0.0345,test,synthetic
ATT-001050,FAC-001,2025-06-05,LINE-07,58,54,52,0.069,test,synthetic
ATT-001051,FAC-001,2025-06-07,LINE-07,57,55,52,0.0351,test,synthetic
ATT-001052,FAC-001,2025-06-08,LINE-07,56,54,52,0.0357,test,synthetic
ATT-001053,FAC-001,2025-06-09,LINE-07,57,55,52,0.0351,test,synthetic
ATT-001054,FAC-001,2025-06-10,LINE-07,56,53,52,0.0536,test,synthetic
ATT-001055,FAC-001,2025-06-11,LINE-07,56,53,51,0.0536,test,synthetic
ATT-001056,FAC-001,2025-06-12,LINE-07,57,49,48,0.1404,test,synthetic
ATT-001057,FAC-001,2025-06-14,LINE-07,57,55,54,0.0351,test,synthetic
ATT-001058,FAC-001,2025-06-15,LINE-07,55,54,52,0.0182,test,synthetic
ATT-001059,FAC-001,2025-06-16,LINE-07,58,54,52,0.069,test,synthetic
ATT-001060,FAC-001,2025-06-17,LINE-07,57,54,54,0.0526,test,synthetic
ATT-001061,FAC-001,2025-06-18,LINE-07,57,54,52,0.0526,test,synthetic
ATT-001062,FAC-001,2025-06-19,LINE-07,55,52,49,0.0545,test,synthetic
ATT-001063,FAC-001,2025-06-21,LINE-07,56,55,53,0.0179,test,synthetic
ATT-001064,FAC-001,2025-06-22,LINE-07,58,55,52,0.0517,test,synthetic
ATT-001065,FAC-001,2025-06-23,LINE-07,55,51,50,0.0727,test,synthetic
ATT-001066,FAC-001,2025-06-24,LINE-07,56,54,54,0.0357,test,synthetic
ATT-001067,FAC-001,2025-06-25,LINE-07,58,56,56,0.0345,test,synthetic
ATT-001068,FAC-001,2025-06-26,LINE-07,55,53,52,0.0364,test,synthetic
ATT-001069,FAC-001,2025-06-28,LINE-07,56,52,49,0.0714,test,synthetic
ATT-001070,FAC-001,2025-06-29,LINE-07,54,52,52,0.037,test,synthetic
ATT-001071,FAC-001,2025-06-30,LINE-07,58,57,55,0.0172,test,synthetic
ATT-001072,FAC-001,2025-01-04,LINE-08,37,35,35,0.0541,train,synthetic
ATT-001073,FAC-001,2025-01-05,LINE-08,37,35,33,0.0541,train,synthetic
ATT-001074,FAC-001,2025-01-06,LINE-08,36,35,35,0.0278,train,synthetic
ATT-001075,FAC-001,2025-01-07,LINE-08,37,35,35,0.0541,train,synthetic
ATT-001076,FAC-001,2025-01-08,LINE-08,36,34,34,0.0556,train,synthetic
ATT-001077,FAC-001,2025-01-09,LINE-08,39,36,34,0.0769,train,synthetic
ATT-001078,FAC-001,2025-01-11,LINE-08,39,38,36,0.0256,train,synthetic
ATT-001079,FAC-001,2025-01-12,LINE-08,37,35,34,0.0541,train,synthetic
ATT-001080,FAC-001,2025-01-13,LINE-08,40,38,35,0.05,train,synthetic
ATT-001081,FAC-001,2025-01-14,LINE-08,38,36,33,0.0526,train,synthetic
ATT-001082,FAC-001,2025-01-15,LINE-08,40,38,38,0.05,train,synthetic
ATT-001083,FAC-001,2025-01-16,LINE-08,38,37,35,0.0263,train,synthetic
ATT-001084,FAC-001,2025-01-18,LINE-08,38,37,37,0.0263,train,synthetic
ATT-001085,FAC-001,2025-01-19,LINE-08,39,38,36,0.0256,train,synthetic
ATT-001086,FAC-001,2025-01-20,LINE-08,40,38,36,0.05,train,synthetic
ATT-001087,FAC-001,2025-01-21,LINE-08,40,39,36,0.025,train,synthetic
ATT-001088,FAC-001,2025-01-22,LINE-08,39,38,37,0.0256,train,synthetic
ATT-001089,FAC-001,2025-01-23,LINE-08,40,39,37,0.025,train,synthetic
ATT-001090,FAC-001,2025-01-25,LINE-08,37,33,31,0.1081,train,synthetic
ATT-001091,FAC-001,2025-01-26,LINE-08,39,37,37,0.0513,train,synthetic
ATT-001092,FAC-001,2025-01-27,LINE-08,39,36,35,0.0769,train,synthetic
ATT-001093,FAC-001,2025-01-28,LINE-08,40,39,36,0.025,train,synthetic
ATT-001094,FAC-001,2025-01-29,LINE-08,37,35,35,0.0541,train,synthetic
ATT-001095,FAC-001,2025-01-30,LINE-08,39,38,37,0.0256,train,synthetic
ATT-001096,FAC-001,2025-02-01,LINE-08,37,36,35,0.027,train,synthetic
ATT-001097,FAC-001,2025-02-02,LINE-08,40,38,36,0.05,train,synthetic
ATT-001098,FAC-001,2025-02-03,LINE-08,37,34,34,0.0811,train,synthetic
ATT-001099,FAC-001,2025-02-04,LINE-08,38,37,36,0.0263,train,synthetic
ATT-001100,FAC-001,2025-02-05,LINE-08,39,38,36,0.0256,train,synthetic
ATT-001101,FAC-001,2025-02-06,LINE-08,38,32,30,0.1579,train,synthetic
ATT-001102,FAC-001,2025-02-08,LINE-08,39,37,35,0.0513,train,synthetic
ATT-001103,FAC-001,2025-02-09,LINE-08,37,36,34,0.027,train,synthetic
ATT-001104,FAC-001,2025-02-10,LINE-08,36,34,33,0.0556,train,synthetic
ATT-001105,FAC-001,2025-02-11,LINE-08,39,37,34,0.0513,train,synthetic
ATT-001106,FAC-001,2025-02-12,LINE-08,37,35,34,0.0541,train,synthetic
ATT-001107,FAC-001,2025-02-13,LINE-08,40,39,37,0.025,train,synthetic
ATT-001108,FAC-001,2025-02-15,LINE-08,36,33,30,0.0833,train,synthetic
ATT-001109,FAC-001,2025-02-16,LINE-08,39,36,36,0.0769,train,synthetic
ATT-001110,FAC-001,2025-02-17,LINE-08,39,37,34,0.0513,train,synthetic
ATT-001111,FAC-001,2025-02-18,LINE-08,36,32,31,0.1111,train,synthetic
ATT-001112,FAC-001,2025-02-19,LINE-08,36,35,34,0.0278,train,synthetic
ATT-001113,FAC-001,2025-02-20,LINE-08,40,38,35,0.05,train,synthetic
ATT-001114,FAC-001,2025-02-22,LINE-08,38,36,36,0.0526,train,synthetic
ATT-001115,FAC-001,2025-02-23,LINE-08,37,35,35,0.0541,train,synthetic
ATT-001116,FAC-001,2025-02-24,LINE-08,40,38,35,0.05,train,synthetic
ATT-001117,FAC-001,2025-02-25,LINE-08,40,38,38,0.05,train,synthetic
ATT-001118,FAC-001,2025-02-26,LINE-08,36,35,35,0.0278,train,synthetic
ATT-001119,FAC-001,2025-02-27,LINE-08,37,36,36,0.027,train,synthetic
ATT-001120,FAC-001,2025-03-01,LINE-08,36,30,28,0.1667,train,synthetic
ATT-001121,FAC-001,2025-03-02,LINE-08,40,38,37,0.05,train,synthetic
ATT-001122,FAC-001,2025-03-03,LINE-08,39,38,37,0.0256,train,synthetic
ATT-001123,FAC-001,2025-03-04,LINE-08,38,35,33,0.0789,train,synthetic
ATT-001124,FAC-001,2025-03-05,LINE-08,36,35,35,0.0278,train,synthetic
ATT-001125,FAC-001,2025-03-06,LINE-08,36,34,33,0.0556,train,synthetic
ATT-001126,FAC-001,2025-03-08,LINE-08,40,38,36,0.05,train,synthetic
ATT-001127,FAC-001,2025-03-09,LINE-08,38,36,36,0.0526,train,synthetic
ATT-001128,FAC-001,2025-03-10,LINE-08,36,35,32,0.0278,train,synthetic
ATT-001129,FAC-001,2025-03-11,LINE-08,38,37,37,0.0263,train,synthetic
ATT-001130,FAC-001,2025-03-12,LINE-08,37,36,34,0.027,train,synthetic
ATT-001131,FAC-001,2025-03-13,LINE-08,39,38,37,0.0256,train,synthetic
ATT-001132,FAC-001,2025-03-15,LINE-08,39,36,36,0.0769,train,synthetic
ATT-001133,FAC-001,2025-03-16,LINE-08,39,37,34,0.0513,train,synthetic
ATT-001134,FAC-001,2025-03-17,LINE-08,40,39,38,0.025,train,synthetic
ATT-001135,FAC-001,2025-03-18,LINE-08,38,36,33,0.0526,train,synthetic
ATT-001136,FAC-001,2025-03-19,LINE-08,40,34,32,0.15,train,synthetic
ATT-001137,FAC-001,2025-03-20,LINE-08,40,37,36,0.075,train,synthetic
ATT-001138,FAC-001,2025-03-22,LINE-08,38,37,34,0.0263,train,synthetic
ATT-001139,FAC-001,2025-03-23,LINE-08,39,38,38,0.0256,train,synthetic
ATT-001140,FAC-001,2025-03-24,LINE-08,38,37,34,0.0263,train,synthetic
ATT-001141,FAC-001,2025-03-25,LINE-08,36,34,32,0.0556,train,synthetic
ATT-001142,FAC-001,2025-03-26,LINE-08,40,37,34,0.075,train,synthetic
ATT-001143,FAC-001,2025-03-27,LINE-08,36,31,28,0.1389,train,synthetic
ATT-001144,FAC-001,2025-03-29,LINE-08,39,38,38,0.0256,train,synthetic
ATT-001145,FAC-001,2025-03-30,LINE-08,39,38,38,0.0256,train,synthetic
ATT-001146,FAC-001,2025-03-31,LINE-08,39,38,35,0.0256,train,synthetic
ATT-001147,FAC-001,2025-04-01,LINE-08,36,35,35,0.0278,train,synthetic
ATT-001148,FAC-001,2025-04-02,LINE-08,40,38,37,0.05,train,synthetic
ATT-001149,FAC-001,2025-04-03,LINE-08,40,37,35,0.075,train,synthetic
ATT-001150,FAC-001,2025-04-05,LINE-08,36,35,35,0.0278,train,synthetic
ATT-001151,FAC-001,2025-04-06,LINE-08,39,38,35,0.0256,train,synthetic
ATT-001152,FAC-001,2025-04-07,LINE-08,36,35,35,0.0278,train,synthetic
ATT-001153,FAC-001,2025-04-08,LINE-08,37,35,35,0.0541,train,synthetic
ATT-001154,FAC-001,2025-04-09,LINE-08,40,38,36,0.05,train,synthetic
ATT-001155,FAC-001,2025-04-10,LINE-08,38,35,34,0.0789,train,synthetic
ATT-001156,FAC-001,2025-04-12,LINE-08,37,35,34,0.0541,train,synthetic
ATT-001157,FAC-001,2025-04-13,LINE-08,40,39,39,0.025,train,synthetic
ATT-001158,FAC-001,2025-04-14,LINE-08,36,34,32,0.0556,train,synthetic
ATT-001159,FAC-001,2025-04-15,LINE-08,40,38,36,0.05,train,synthetic
ATT-001160,FAC-001,2025-04-16,LINE-08,39,37,36,0.0513,train,synthetic
ATT-001161,FAC-001,2025-04-17,LINE-08,36,34,33,0.0556,train,synthetic
ATT-001162,FAC-001,2025-04-19,LINE-08,37,34,31,0.0811,train,synthetic
ATT-001163,FAC-001,2025-04-20,LINE-08,40,34,34,0.15,train,synthetic
ATT-001164,FAC-001,2025-04-21,LINE-08,39,38,38,0.0256,train,synthetic
ATT-001165,FAC-001,2025-04-22,LINE-08,38,37,36,0.0263,train,synthetic
ATT-001166,FAC-001,2025-04-23,LINE-08,38,36,34,0.0526,train,synthetic
ATT-001167,FAC-001,2025-04-24,LINE-08,39,38,35,0.0256,train,synthetic
ATT-001168,FAC-001,2025-04-26,LINE-08,39,38,38,0.0256,train,synthetic
ATT-001169,FAC-001,2025-04-27,LINE-08,36,34,31,0.0556,train,synthetic
ATT-001170,FAC-001,2025-04-28,LINE-08,37,36,34,0.027,train,synthetic
ATT-001171,FAC-001,2025-04-29,LINE-08,37,36,36,0.027,train,synthetic
ATT-001172,FAC-001,2025-04-30,LINE-08,38,37,34,0.0263,train,synthetic
ATT-001173,FAC-001,2025-05-01,LINE-08,37,36,35,0.027,validation,synthetic
ATT-001174,FAC-001,2025-05-03,LINE-08,39,38,38,0.0256,validation,synthetic
ATT-001175,FAC-001,2025-05-04,LINE-08,39,37,35,0.0513,validation,synthetic
ATT-001176,FAC-001,2025-05-05,LINE-08,38,35,35,0.0789,validation,synthetic
ATT-001177,FAC-001,2025-05-06,LINE-08,39,36,36,0.0769,validation,synthetic
ATT-001178,FAC-001,2025-05-07,LINE-08,37,36,33,0.027,validation,synthetic
ATT-001179,FAC-001,2025-05-08,LINE-08,36,34,32,0.0556,validation,synthetic
ATT-001180,FAC-001,2025-05-10,LINE-08,36,35,35,0.0278,validation,synthetic
ATT-001181,FAC-001,2025-05-11,LINE-08,37,35,32,0.0541,validation,synthetic
ATT-001182,FAC-001,2025-05-12,LINE-08,37,34,31,0.0811,validation,synthetic
ATT-001183,FAC-001,2025-05-13,LINE-08,37,35,33,0.0541,validation,synthetic
ATT-001184,FAC-001,2025-05-14,LINE-08,40,38,38,0.05,validation,synthetic
ATT-001185,FAC-001,2025-05-15,LINE-08,37,36,33,0.027,validation,synthetic
ATT-001186,FAC-001,2025-05-17,LINE-08,36,35,34,0.0278,validation,synthetic
ATT-001187,FAC-001,2025-05-18,LINE-08,40,39,37,0.025,validation,synthetic
ATT-001188,FAC-001,2025-05-19,LINE-08,36,35,32,0.0278,validation,synthetic
ATT-001189,FAC-001,2025-05-20,LINE-08,38,37,34,0.0263,validation,synthetic
ATT-001190,FAC-001,2025-05-21,LINE-08,38,36,36,0.0526,validation,synthetic
ATT-001191,FAC-001,2025-05-22,LINE-08,40,39,36,0.025,validation,synthetic
ATT-001192,FAC-001,2025-05-24,LINE-08,36,34,33,0.0556,validation,synthetic
ATT-001193,FAC-001,2025-05-25,LINE-08,39,37,35,0.0513,validation,synthetic
ATT-001194,FAC-001,2025-05-26,LINE-08,36,34,31,0.0556,validation,synthetic
ATT-001195,FAC-001,2025-05-27,LINE-08,38,34,31,0.1053,validation,synthetic
ATT-001196,FAC-001,2025-05-28,LINE-08,40,39,39,0.025,validation,synthetic
ATT-001197,FAC-001,2025-05-29,LINE-08,40,35,35,0.125,validation,synthetic
ATT-001198,FAC-001,2025-05-31,LINE-08,40,38,38,0.05,validation,synthetic
ATT-001199,FAC-001,2025-06-01,LINE-08,37,36,36,0.027,test,synthetic
ATT-001200,FAC-001,2025-06-02,LINE-08,37,36,33,0.027,test,synthetic
ATT-001201,FAC-001,2025-06-03,LINE-08,39,36,35,0.0769,test,synthetic
ATT-001202,FAC-001,2025-06-04,LINE-08,39,37,37,0.0513,test,synthetic
ATT-001203,FAC-001,2025-06-05,LINE-08,36,35,34,0.0278,test,synthetic
ATT-001204,FAC-001,2025-06-07,LINE-08,39,37,36,0.0513,test,synthetic
ATT-001205,FAC-001,2025-06-08,LINE-08,39,34,33,0.1282,test,synthetic
ATT-001206,FAC-001,2025-06-09,LINE-08,38,36,34,0.0526,test,synthetic
ATT-001207,FAC-001,2025-06-10,LINE-08,38,37,35,0.0263,test,synthetic
ATT-001208,FAC-001,2025-06-11,LINE-08,40,39,38,0.025,test,synthetic
ATT-001209,FAC-001,2025-06-12,LINE-08,37,35,33,0.0541,test,synthetic
ATT-001210,FAC-001,2025-06-14,LINE-08,40,37,35,0.075,test,synthetic
ATT-001211,FAC-001,2025-06-15,LINE-08,40,38,37,0.05,test,synthetic
ATT-001212,FAC-001,2025-06-16,LINE-08,40,39,36,0.025,test,synthetic
ATT-001213,FAC-001,2025-06-17,LINE-08,37,35,33,0.0541,test,synthetic
ATT-001214,FAC-001,2025-06-18,LINE-08,39,36,34,0.0769,test,synthetic
ATT-001215,FAC-001,2025-06-19,LINE-08,40,37,36,0.075,test,synthetic
ATT-001216,FAC-001,2025-06-21,LINE-08,36,34,33,0.0556,test,synthetic
ATT-001217,FAC-001,2025-06-22,LINE-08,39,38,36,0.0256,test,synthetic
ATT-001218,FAC-001,2025-06-23,LINE-08,38,36,35,0.0526,test,synthetic
ATT-001219,FAC-001,2025-06-24,LINE-08,38,37,37,0.0263,test,synthetic
ATT-001220,FAC-001,2025-06-25,LINE-08,38,37,36,0.0263,test,synthetic
ATT-001221,FAC-001,2025-06-26,LINE-08,37,35,33,0.0541,test,synthetic
ATT-001222,FAC-001,2025-06-28,LINE-08,40,38,35,0.05,test,synthetic
ATT-001223,FAC-001,2025-06-29,LINE-08,36,35,33,0.0278,test,synthetic
ATT-001224,FAC-001,2025-06-30,LINE-08,37,35,33,0.0541,test,synthetic
