downtime_id,factory_id,line_id,order_id,work_date,machine_type,started_at,duration_minutes,reason_code,resolved,data_split,dataset_provenance
DOWN-000001,FAC-001,LINE-01,ORD-01-001,2025-01-04,flatlock,2025-01-04T14:01:00+00:00,21,thread_break,True,train,synthetic
DOWN-000002,FAC-001,LINE-01,ORD-01-001,2025-01-05,bartack,2025-01-05T10:15:00+00:00,57,needle_damage,False,train,synthetic
DOWN-000003,FAC-001,LINE-01,ORD-01-003,2025-01-15,cutting_machine,2025-01-15T09:18:00+00:00,56,motor_issue,True,train,synthetic
DOWN-000004,FAC-001,LINE-01,ORD-01-004,2025-01-28,overlock,2025-01-28T12:21:00+00:00,10,timing_adjustment,False,train,synthetic
DOWN-000005,FAC-001,LINE-01,ORD-01-004,2025-01-30,bartack,2025-01-30T14:19:00+00:00,8,timing_adjustment,True,train,synthetic
DOWN-000006,FAC-001,LINE-01,ORD-01-004,2025-02-01,button_attach,2025-02-01T14:29:00+00:00,54,timing_adjustment,False,train,synthetic
DOWN-000007,FAC-001,LINE-01,ORD-01-004,2025-02-02,flatlock,2025-02-02T09:26:00+00:00,17,motor_issue,False,train,synthetic
DOWN-000008,FAC-001,LINE-01,ORD-01-004,2025-02-05,single_needle,2025-02-05T11:26:00+00:00,8,needle_damage,True,train,synthetic
DOWN-000009,FAC-001,LINE-01,ORD-01-005,2025-02-18,iron,2025-02-18T11:03:00+00:00,8,motor_issue,True,train,synthetic
DOWN-000010,FAC-001,LINE-01,ORD-01-006,2025-02-23,bartack,2025-02-23T09:27:00+00:00,28,power_interruption,True,train,synthetic
DOWN-000011,FAC-001,LINE-01,ORD-01-006,2025-02-24,bartack,2025-02-24T10:03:00+00:00,8,preventive_maintenance,True,train,synthetic
DOWN-000012,FAC-001,LINE-01,ORD-01-006,2025-02-27,button_hole,2025-02-27T09:21:00+00:00,40,power_interruption,False,train,synthetic
DOWN-000013,FAC-001,LINE-01,ORD-01-007,2025-03-08,flatlock,2025-03-08T09:07:00+00:00,8,motor_issue,True,train,synthetic
DOWN-000014,FAC-001,LINE-01,ORD-01-007,2025-03-09,single_needle,2025-03-09T15:10:00+00:00,16,motor_issue,True,train,synthetic
DOWN-000015,FAC-001,LINE-01,ORD-01-007,2025-03-10,iron,2025-03-10T13:17:00+00:00,34,motor_issue,True,train,synthetic
DOWN-000016,FAC-001,LINE-01,ORD-01-007,2025-03-11,bartack,2025-03-11T13:20:00+00:00,45,power_interruption,True,train,synthetic
DOWN-000017,FAC-001,LINE-01,ORD-01-008,2025-03-19,cutting_machine,2025-03-19T09:02:00+00:00,15,needle_damage,True,train,synthetic
DOWN-000018,FAC-001,LINE-01,ORD-01-008,2025-03-20,cutting_machine,2025-03-20T11:11:00+00:00,81,needle_damage,True,train,synthetic
DOWN-000019,FAC-001,LINE-01,ORD-01-008,2025-03-20,cutting_machine,2025-03-20T10:24:00+00:00,35,motor_issue,True,train,synthetic
DOWN-000020,FAC-001,LINE-01,ORD-01-009,2025-03-30,flatlock,2025-03-30T13:07:00+00:00,28,timing_adjustment,True,train,synthetic
DOWN-000021,FAC-001,LINE-01,ORD-01-009,2025-03-30,button_attach,2025-03-30T09:21:00+00:00,8,motor_issue,True,train,synthetic
DOWN-000022,FAC-001,LINE-01,ORD-01-010,2025-04-03,button_hole,2025-04-03T12:09:00+00:00,24,power_interruption,True,train,synthetic
DOWN-000023,FAC-001,LINE-01,ORD-01-010,2025-04-05,button_attach,2025-04-05T16:11:00+00:00,11,motor_issue,True,train,synthetic
DOWN-000024,FAC-001,LINE-01,ORD-01-010,2025-04-06,button_attach,2025-04-06T15:03:00+00:00,20,power_interruption,True,train,synthetic
DOWN-000025,FAC-001,LINE-01,ORD-01-011,2025-04-12,cutting_machine,2025-04-12T12:02:00+00:00,13,preventive_maintenance,True,train,synthetic
DOWN-000026,FAC-001,LINE-01,ORD-01-011,2025-04-12,bartack,2025-04-12T13:06:00+00:00,17,timing_adjustment,True,train,synthetic
DOWN-000027,FAC-001,LINE-01,ORD-01-011,2025-04-15,bartack,2025-04-15T16:27:00+00:00,67,thread_break,True,train,synthetic
DOWN-000028,FAC-001,LINE-01,ORD-01-012,2025-04-17,single_needle,2025-04-17T16:14:00+00:00,15,preventive_maintenance,True,train,synthetic
DOWN-000029,FAC-001,LINE-01,ORD-01-012,2025-04-17,iron,2025-04-17T11:17:00+00:00,84,power_interruption,True,train,synthetic
DOWN-000030,FAC-001,LINE-01,ORD-01-012,2025-04-19,button_attach,2025-04-19T13:22:00+00:00,16,timing_adjustment,True,train,synthetic
DOWN-000031,FAC-001,LINE-01,ORD-01-012,2025-04-20,overlock,2025-04-20T16:11:00+00:00,32,timing_adjustment,True,train,synthetic
DOWN-000032,FAC-001,LINE-01,ORD-01-012,2025-04-22,button_attach,2025-04-22T08:11:00+00:00,35,preventive_maintenance,True,train,synthetic
DOWN-000033,FAC-001,LINE-01,ORD-01-012,2025-04-23,overlock,2025-04-23T10:16:00+00:00,18,needle_damage,True,train,synthetic
DOWN-000034,FAC-001,LINE-01,ORD-01-013,2025-04-27,single_needle,2025-04-27T16:27:00+00:00,17,motor_issue,True,train,synthetic
DOWN-000035,FAC-001,LINE-01,ORD-01-013,2025-04-30,button_attach,2025-04-30T15:08:00+00:00,14,motor_issue,True,train,synthetic
DOWN-000036,FAC-001,LINE-01,ORD-01-013,2025-05-03,button_hole,2025-05-03T09:16:00+00:00,34,power_interruption,True,validation,synthetic
DOWN-000037,FAC-001,LINE-01,ORD-01-013,2025-05-05,button_hole,2025-05-05T15:29:00+00:00,31,preventive_maintenance,True,validation,synthetic
DOWN-000038,FAC-001,LINE-01,ORD-01-013,2025-05-06,button_hole,2025-05-06T14:03:00+00:00,21,power_interruption,True,validation,synthetic
DOWN-000039,FAC-001,LINE-01,ORD-01-014,2025-05-10,cutting_machine,2025-05-10T10:24:00+00:00,8,preventive_maintenance,True,validation,synthetic
DOWN-000040,FAC-001,LINE-01,ORD-01-014,2025-05-15,bartack,2025-05-15T15:10:00+00:00,27,power_interruption,True,validation,synthetic
DOWN-000041,FAC-001,LINE-01,ORD-01-014,2025-05-15,bartack,2025-05-15T13:06:00+00:00,22,preventive_maintenance,True,validation,synthetic
DOWN-000042,FAC-001,LINE-01,ORD-01-014,2025-05-18,flatlock,2025-05-18T10:03:00+00:00,78,timing_adjustment,True,validation,synthetic
DOWN-000043,FAC-001,LINE-01,ORD-01-014,2025-05-20,single_needle,2025-05-20T12:23:00+00:00,95,preventive_maintenance,True,validation,synthetic
DOWN-000044,FAC-001,LINE-01,ORD-01-015,2025-05-25,overlock,2025-05-25T14:10:00+00:00,33,needle_damage,True,validation,synthetic
DOWN-000045,FAC-001,LINE-01,ORD-01-015,2025-05-27,iron,2025-05-27T08:03:00+00:00,8,preventive_maintenance,True,validation,synthetic
DOWN-000046,FAC-001,LINE-01,ORD-01-015,2025-05-29,bartack,2025-05-29T16:13:00+00:00,8,thread_break,True,validation,synthetic
DOWN-000047,FAC-001,LINE-01,ORD-01-016,2025-06-01,bartack,2025-06-01T10:18:00+00:00,18,power_interruption,False,test,synthetic
DOWN-000048,FAC-001,LINE-01,ORD-01-016,2025-06-02,bartack,2025-06-02T11:16:00+00:00,12,thread_break,True,test,synthetic
DOWN-000049,FAC-001,LINE-01,ORD-01-016,2025-06-02,cutting_machine,2025-06-02T09:17:00+00:00,16,needle_damage,True,test,synthetic
DOWN-000050,FAC-001,LINE-01,ORD-01-016,2025-06-03,bartack,2025-06-03T12:06:00+00:00,16,preventive_maintenance,True,test,synthetic
DOWN-000051,FAC-001,LINE-01,ORD-01-016,2025-06-08,iron,2025-06-08T09:09:00+00:00,32,timing_adjustment,False,test,synthetic
DOWN-000052,FAC-001,LINE-01,ORD-01-017,2025-06-10,iron,2025-06-10T12:03:00+00:00,32,needle_damage,True,test,synthetic
DOWN-000053,FAC-001,LINE-01,ORD-01-017,2025-06-14,button_hole,2025-06-14T10:01:00+00:00,16,timing_adjustment,True,test,synthetic
DOWN-000054,FAC-001,LINE-01,ORD-01-017,2025-06-16,iron,2025-06-16T16:27:00+00:00,30,motor_issue,True,test,synthetic
DOWN-000055,FAC-001,LINE-01,ORD-01-017,2025-06-18,cutting_machine,2025-06-18T09:15:00+00:00,29,preventive_maintenance,True,test,synthetic
DOWN-000056,FAC-001,LINE-01,ORD-01-017,2025-06-18,flatlock,2025-06-18T11:00:00+00:00,21,power_interruption,True,test,synthetic
DOWN-000057,FAC-001,LINE-01,ORD-01-017,2025-06-21,overlock,2025-06-21T12:12:00+00:00,40,motor_issue,True,test,synthetic
DOWN-000058,FAC-001,LINE-01,ORD-01-018,2025-06-23,button_attach,2025-06-23T11:04:00+00:00,10,thread_break,True,test,synthetic
DOWN-000059,FAC-001,LINE-01,ORD-01-018,2025-06-28,overlock,2025-06-28T16:09:00+00:00,38,preventive_maintenance,True,test,synthetic
DOWN-000060,FAC-001,LINE-02,ORD-02-001,2025-01-05,flatlock,2025-01-05T08:24:00+00:00,43,preventive_maintenance,True,train,synthetic
DOWN-000061,FAC-001,LINE-02,ORD-02-002,2025-01-14,overlock,2025-01-14T12:21:00+00:00,27,needle_damage,True,train,synthetic
DOWN-000062,FAC-001,LINE-02,ORD-02-002,2025-01-18,cutting_machine,2025-01-18T12:04:00+00:00,25,timing_adjustment,True,train,synthetic
DOWN-000063,FAC-001,LINE-02,ORD-02-003,2025-01-21,bartack,2025-01-21T16:20:00+00:00,17,preventive_maintenance,True,train,synthetic
DOWN-000064,FAC-001,LINE-02,ORD-02-003,2025-01-23,single_needle,2025-01-23T15:17:00+00:00,29,power_interruption,True,train,synthetic
DOWN-000065,FAC-001,LINE-02,ORD-02-004,2025-02-09,iron,2025-02-09T15:21:00+00:00,26,needle_damage,True,train,synthetic
DOWN-000066,FAC-001,LINE-02,ORD-02-004,2025-02-10,button_hole,2025-02-10T13:26:00+00:00,39,preventive_maintenance,True,train,synthetic
DOWN-000067,FAC-001,LINE-02,ORD-02-004,2025-02-10,iron,2025-02-10T15:12:00+00:00,63,timing_adjustment,True,train,synthetic
DOWN-000068,FAC-001,LINE-02,ORD-02-005,2025-02-12,button_attach,2025-02-12T09:00:00+00:00,17,timing_adjustment,True,train,synthetic
DOWN-000069,FAC-001,LINE-02,ORD-02-005,2025-02-13,single_needle,2025-02-13T10:04:00+00:00,36,needle_damage,True,train,synthetic
DOWN-000070,FAC-001,LINE-02,ORD-02-005,2025-02-18,iron,2025-02-18T16:02:00+00:00,27,needle_damage,True,train,synthetic
DOWN-000071,FAC-001,LINE-02,ORD-02-005,2025-02-19,bartack,2025-02-19T09:03:00+00:00,95,motor_issue,True,train,synthetic
DOWN-000072,FAC-001,LINE-02,ORD-02-006,2025-02-23,iron,2025-02-23T09:15:00+00:00,28,needle_damage,True,train,synthetic
DOWN-000073,FAC-001,LINE-02,ORD-02-006,2025-02-24,flatlock,2025-02-24T10:29:00+00:00,57,preventive_maintenance,False,train,synthetic
DOWN-000074,FAC-001,LINE-02,ORD-02-006,2025-03-05,bartack,2025-03-05T09:13:00+00:00,8,power_interruption,True,train,synthetic
DOWN-000075,FAC-001,LINE-02,ORD-02-007,2025-03-06,flatlock,2025-03-06T09:03:00+00:00,20,thread_break,False,train,synthetic
DOWN-000076,FAC-001,LINE-02,ORD-02-007,2025-03-08,button_hole,2025-03-08T08:10:00+00:00,16,power_interruption,True,train,synthetic
DOWN-000077,FAC-001,LINE-02,ORD-02-007,2025-03-09,single_needle,2025-03-09T11:01:00+00:00,8,preventive_maintenance,True,train,synthetic
DOWN-000078,FAC-001,LINE-02,ORD-02-007,2025-03-11,button_hole,2025-03-11T10:29:00+00:00,26,preventive_maintenance,True,train,synthetic
DOWN-000079,FAC-001,LINE-02,ORD-02-008,2025-03-20,button_attach,2025-03-20T12:10:00+00:00,35,thread_break,True,train,synthetic
DOWN-000080,FAC-001,LINE-02,ORD-02-009,2025-03-24,cutting_machine,2025-03-24T12:19:00+00:00,8,preventive_maintenance,True,train,synthetic
DOWN-000081,FAC-001,LINE-02,ORD-02-009,2025-03-25,single_needle,2025-03-25T15:24:00+00:00,22,timing_adjustment,True,train,synthetic
DOWN-000082,FAC-001,LINE-02,ORD-02-009,2025-03-26,single_needle,2025-03-26T14:27:00+00:00,38,preventive_maintenance,True,train,synthetic
DOWN-000083,FAC-001,LINE-02,ORD-02-009,2025-03-29,button_hole,2025-03-29T14:11:00+00:00,77,power_interruption,True,train,synthetic
DOWN-000084,FAC-001,LINE-02,ORD-02-009,2025-03-29,cutting_machine,2025-03-29T11:15:00+00:00,39,timing_adjustment,True,train,synthetic
DOWN-000085,FAC-001,LINE-02,ORD-02-010,2025-04-01,overlock,2025-04-01T14:05:00+00:00,8,power_interruption,True,train,synthetic
DOWN-000086,FAC-001,LINE-02,ORD-02-011,2025-04-14,button_hole,2025-04-14T14:29:00+00:00,54,needle_damage,True,train,synthetic
DOWN-000087,FAC-001,LINE-02,ORD-02-011,2025-04-15,bartack,2025-04-15T12:03:00+00:00,8,preventive_maintenance,False,train,synthetic
DOWN-000088,FAC-001,LINE-02,ORD-02-012,2025-04-21,overlock,2025-04-21T08:11:00+00:00,95,thread_break,True,train,synthetic
DOWN-000089,FAC-001,LINE-02,ORD-02-012,2025-04-22,bartack,2025-04-22T08:27:00+00:00,29,thread_break,True,train,synthetic
DOWN-000090,FAC-001,LINE-02,ORD-02-012,2025-04-23,iron,2025-04-23T12:13:00+00:00,15,needle_damage,True,train,synthetic
DOWN-000091,FAC-001,LINE-02,ORD-02-012,2025-04-23,overlock,2025-04-23T09:16:00+00:00,26,thread_break,True,train,synthetic
DOWN-000092,FAC-001,LINE-02,ORD-02-012,2025-04-27,flatlock,2025-04-27T16:09:00+00:00,28,timing_adjustment,True,train,synthetic
DOWN-000093,FAC-001,LINE-02,ORD-02-012,2025-04-28,iron,2025-04-28T08:22:00+00:00,9,power_interruption,True,train,synthetic
DOWN-000094,FAC-001,LINE-02,ORD-02-012,2025-04-28,single_needle,2025-04-28T14:11:00+00:00,32,timing_adjustment,True,train,synthetic
DOWN-000095,FAC-001,LINE-02,ORD-02-013,2025-05-03,single_needle,2025-05-03T12:13:00+00:00,29,power_interruption,True,validation,synthetic
DOWN-000096,FAC-001,LINE-02,ORD-02-013,2025-05-03,overlock,2025-05-03T08:14:00+00:00,51,thread_break,True,validation,synthetic
DOWN-000097,FAC-001,LINE-02,ORD-02-013,2025-05-05,button_attach,2025-05-05T14:10:00+00:00,84,preventive_maintenance,True,validation,synthetic
DOWN-000098,FAC-001,LINE-02,ORD-02-014,2025-05-11,overlock,2025-05-11T11:26:00+00:00,32,needle_damage,True,validation,synthetic
DOWN-000099,FAC-001,LINE-02,ORD-02-014,2025-05-13,button_attach,2025-05-13T16:00:00+00:00,31,motor_issue,True,validation,synthetic
DOWN-000100,FAC-001,LINE-02,ORD-02-014,2025-05-15,overlock,2025-05-15T11:07:00+00:00,35,thread_break,True,validation,synthetic
DOWN-000101,FAC-001,LINE-02,ORD-02-014,2025-05-17,cutting_machine,2025-05-17T16:05:00+00:00,9,motor_issue,True,validation,synthetic
DOWN-000102,FAC-001,LINE-02,ORD-02-014,2025-05-19,button_attach,2025-05-19T09:19:00+00:00,28,preventive_maintenance,True,validation,synthetic
DOWN-000103,FAC-001,LINE-02,ORD-02-014,2025-05-19,button_attach,2025-05-19T08:21:00+00:00,8,thread_break,True,validation,synthetic
DOWN-000104,FAC-001,LINE-02,ORD-02-014,2025-05-20,bartack,2025-05-20T10:08:00+00:00,28,power_interruption,True,validation,synthetic
DOWN-000105,FAC-001,LINE-02,ORD-02-015,2025-05-22,button_attach,2025-05-22T16:12:00+00:00,15,preventive_maintenance,True,validation,synthetic
DOWN-000106,FAC-001,LINE-02,ORD-02-015,2025-05-27,flatlock,2025-05-27T12:19:00+00:00,20,power_interruption,False,validation,synthetic
DOWN-000107,FAC-001,LINE-02,ORD-02-015,2025-05-28,bartack,2025-05-28T09:02:00+00:00,80,timing_adjustment,True,validation,synthetic
DOWN-000108,FAC-001,LINE-02,ORD-02-015,2025-05-29,button_hole,2025-05-29T14:28:00+00:00,12,motor_issue,True,validation,synthetic
DOWN-000109,FAC-001,LINE-02,ORD-02-016,2025-06-03,iron,2025-06-03T15:01:00+00:00,8,preventive_maintenance,True,test,synthetic
DOWN-000110,FAC-001,LINE-02,ORD-02-016,2025-06-03,bartack,2025-06-03T10:12:00+00:00,95,timing_adjustment,True,test,synthetic
DOWN-000111,FAC-001,LINE-02,ORD-02-016,2025-06-05,flatlock,2025-06-05T16:20:00+00:00,80,timing_adjustment,True,test,synthetic
DOWN-000112,FAC-001,LINE-02,ORD-02-016,2025-06-07,iron,2025-06-07T13:10:00+00:00,51,power_interruption,True,test,synthetic
DOWN-000113,FAC-001,LINE-02,ORD-02-016,2025-06-08,button_hole,2025-06-08T16:21:00+00:00,37,preventive_maintenance,True,test,synthetic
DOWN-000114,FAC-001,LINE-02,ORD-02-016,2025-06-08,flatlock,2025-06-08T08:23:00+00:00,32,needle_damage,True,test,synthetic
DOWN-000115,FAC-001,LINE-02,ORD-02-016,2025-06-09,bartack,2025-06-09T16:18:00+00:00,95,timing_adjustment,True,test,synthetic
DOWN-000116,FAC-001,LINE-02,ORD-02-017,2025-06-10,flatlock,2025-06-10T15:13:00+00:00,19,preventive_maintenance,True,test,synthetic
DOWN-000117,FAC-001,LINE-02,ORD-02-017,2025-06-14,overlock,2025-06-14T11:21:00+00:00,32,power_interruption,True,test,synthetic
DOWN-000118,FAC-001,LINE-02,ORD-02-017,2025-06-15,single_needle,2025-06-15T16:02:00+00:00,36,timing_adjustment,True,test,synthetic
DOWN-000119,FAC-001,LINE-02,ORD-02-018,2025-06-21,bartack,2025-06-21T16:09:00+00:00,8,preventive_maintenance,True,test,synthetic
DOWN-000120,FAC-001,LINE-02,ORD-02-018,2025-06-22,cutting_machine,2025-06-22T14:29:00+00:00,15,needle_damage,True,test,synthetic
DOWN-000121,FAC-001,LINE-02,ORD-02-018,2025-06-24,button_hole,2025-06-24T13:28:00+00:00,50,thread_break,True,test,synthetic
DOWN-000122,FAC-001,LINE-03,ORD-03-001,2025-01-04,cutting_machine,2025-01-04T14:12:00+00:00,47,preventive_maintenance,True,train,synthetic
DOWN-000123,FAC-001,LINE-03,ORD-03-001,2025-01-12,cutting_machine,2025-01-12T13:16:00+00:00,43,preventive_maintenance,True,train,synthetic
DOWN-000124,FAC-001,LINE-03,ORD-03-002,2025-01-14,flatlock,2025-01-14T09:25:00+00:00,12,preventive_maintenance,True,train,synthetic
DOWN-000125,FAC-001,LINE-03,ORD-03-002,2025-01-14,flatlock,2025-01-14T08:10:00+00:00,37,preventive_maintenance,True,train,synthetic
DOWN-000126,FAC-001,LINE-03,ORD-03-002,2025-01-15,flatlock,2025-01-15T15:12:00+00:00,40,timing_adjustment,True,train,synthetic
DOWN-000127,FAC-001,LINE-03,ORD-03-002,2025-01-16,iron,2025-01-16T12:20:00+00:00,51,thread_break,True,train,synthetic
DOWN-000128,FAC-001,LINE-03,ORD-03-002,2025-01-16,overlock,2025-01-16T11:05:00+00:00,75,preventive_maintenance,True,train,synthetic
DOWN-000129,FAC-001,LINE-03,ORD-03-002,2025-01-19,overlock,2025-01-19T11:24:00+00:00,50,preventive_maintenance,True,train,synthetic
DOWN-000130,FAC-001,LINE-03,ORD-03-003,2025-01-22,bartack,2025-01-22T12:00:00+00:00,12,motor_issue,True,train,synthetic
DOWN-000131,FAC-001,LINE-03,ORD-03-003,2025-01-25,single_needle,2025-01-25T15:00:00+00:00,74,motor_issue,True,train,synthetic
DOWN-000132,FAC-001,LINE-03,ORD-03-003,2025-01-29,iron,2025-01-29T11:19:00+00:00,30,motor_issue,True,train,synthetic
DOWN-000133,FAC-001,LINE-03,ORD-03-004,2025-02-08,iron,2025-02-08T12:19:00+00:00,88,timing_adjustment,True,train,synthetic
DOWN-000134,FAC-001,LINE-03,ORD-03-004,2025-02-09,button_attach,2025-02-09T10:01:00+00:00,47,timing_adjustment,True,train,synthetic
DOWN-000135,FAC-001,LINE-03,ORD-03-004,2025-02-10,single_needle,2025-02-10T16:01:00+00:00,48,power_interruption,True,train,synthetic
DOWN-000136,FAC-001,LINE-03,ORD-03-004,2025-02-11,button_attach,2025-02-11T09:00:00+00:00,63,power_interruption,True,train,synthetic
DOWN-000137,FAC-001,LINE-03,ORD-03-004,2025-02-12,cutting_machine,2025-02-12T11:14:00+00:00,74,motor_issue,True,train,synthetic
DOWN-000138,FAC-001,LINE-03,ORD-03-005,2025-02-17,cutting_machine,2025-02-17T14:14:00+00:00,33,thread_break,True,train,synthetic
DOWN-000139,FAC-001,LINE-03,ORD-03-005,2025-02-17,cutting_machine,2025-02-17T13:12:00+00:00,28,timing_adjustment,True,train,synthetic
DOWN-000140,FAC-001,LINE-03,ORD-03-005,2025-02-17,single_needle,2025-02-17T09:06:00+00:00,8,preventive_maintenance,True,train,synthetic
DOWN-000141,FAC-001,LINE-03,ORD-03-005,2025-02-22,bartack,2025-02-22T11:23:00+00:00,20,needle_damage,True,train,synthetic
DOWN-000142,FAC-001,LINE-03,ORD-03-006,2025-02-24,bartack,2025-02-24T16:13:00+00:00,47,needle_damage,True,train,synthetic
DOWN-000143,FAC-001,LINE-03,ORD-03-006,2025-02-25,bartack,2025-02-25T15:29:00+00:00,40,thread_break,True,train,synthetic
DOWN-000144,FAC-001,LINE-03,ORD-03-007,2025-03-09,single_needle,2025-03-09T15:06:00+00:00,48,timing_adjustment,True,train,synthetic
DOWN-000145,FAC-001,LINE-03,ORD-03-007,2025-03-12,button_hole,2025-03-12T13:22:00+00:00,15,timing_adjustment,True,train,synthetic
DOWN-000146,FAC-001,LINE-03,ORD-03-008,2025-03-17,button_attach,2025-03-17T09:08:00+00:00,95,motor_issue,True,train,synthetic
DOWN-000147,FAC-001,LINE-03,ORD-03-008,2025-03-23,button_attach,2025-03-23T14:25:00+00:00,48,thread_break,True,train,synthetic
DOWN-000148,FAC-001,LINE-03,ORD-03-008,2025-03-26,cutting_machine,2025-03-26T13:24:00+00:00,8,power_interruption,True,train,synthetic
DOWN-000149,FAC-001,LINE-03,ORD-03-010,2025-04-05,flatlock,2025-04-05T12:11:00+00:00,21,thread_break,True,train,synthetic
DOWN-000150,FAC-001,LINE-03,ORD-03-010,2025-04-05,bartack,2025-04-05T14:02:00+00:00,8,needle_damage,True,train,synthetic
DOWN-000151,FAC-001,LINE-03,ORD-03-010,2025-04-07,iron,2025-04-07T10:10:00+00:00,95,preventive_maintenance,True,train,synthetic
DOWN-000152,FAC-001,LINE-03,ORD-03-010,2025-04-08,single_needle,2025-04-08T16:00:00+00:00,32,motor_issue,True,train,synthetic
DOWN-000153,FAC-001,LINE-03,ORD-03-010,2025-04-09,flatlock,2025-04-09T15:29:00+00:00,16,timing_adjustment,True,train,synthetic
DOWN-000154,FAC-001,LINE-03,ORD-03-010,2025-04-13,cutting_machine,2025-04-13T12:21:00+00:00,13,power_interruption,True,train,synthetic
DOWN-000155,FAC-001,LINE-03,ORD-03-010,2025-04-13,button_hole,2025-04-13T12:15:00+00:00,34,timing_adjustment,True,train,synthetic
DOWN-000156,FAC-001,LINE-03,ORD-03-010,2025-04-14,iron,2025-04-14T10:13:00+00:00,59,needle_damage,True,train,synthetic
DOWN-000157,FAC-001,LINE-03,ORD-03-011,2025-04-17,cutting_machine,2025-04-17T14:09:00+00:00,12,motor_issue,True,train,synthetic
DOWN-000158,FAC-001,LINE-03,ORD-03-011,2025-04-20,single_needle,2025-04-20T16:10:00+00:00,24,timing_adjustment,True,train,synthetic
DOWN-000159,FAC-001,LINE-03,ORD-03-011,2025-04-21,overlock,2025-04-21T08:12:00+00:00,49,motor_issue,True,train,synthetic
DOWN-000160,FAC-001,LINE-03,ORD-03-012,2025-04-24,flatlock,2025-04-24T10:26:00+00:00,27,power_interruption,True,train,synthetic
DOWN-000161,FAC-001,LINE-03,ORD-03-012,2025-04-27,single_needle,2025-04-27T13:17:00+00:00,22,preventive_maintenance,True,train,synthetic
DOWN-000162,FAC-001,LINE-03,ORD-03-012,2025-04-30,iron,2025-04-30T09:16:00+00:00,16,thread_break,True,train,synthetic
DOWN-000163,FAC-001,LINE-03,ORD-03-012,2025-05-05,button_hole,2025-05-05T12:09:00+00:00,34,timing_adjustment,True,validation,synthetic
DOWN-000164,FAC-001,LINE-03,ORD-03-013,2025-05-12,cutting_machine,2025-05-12T11:29:00+00:00,31,timing_adjustment,True,validation,synthetic
DOWN-000165,FAC-001,LINE-03,ORD-03-013,2025-05-15,cutting_machine,2025-05-15T09:02:00+00:00,95,motor_issue,True,validation,synthetic
DOWN-000166,FAC-001,LINE-03,ORD-03-013,2025-05-15,cutting_machine,2025-05-15T14:17:00+00:00,8,timing_adjustment,True,validation,synthetic
DOWN-000167,FAC-001,LINE-03,ORD-03-013,2025-05-18,iron,2025-05-18T14:20:00+00:00,53,needle_damage,True,validation,synthetic
DOWN-000168,FAC-001,LINE-03,ORD-03-013,2025-05-18,flatlock,2025-05-18T09:24:00+00:00,30,preventive_maintenance,True,validation,synthetic
DOWN-000169,FAC-001,LINE-03,ORD-03-013,2025-05-19,button_hole,2025-05-19T10:21:00+00:00,24,preventive_maintenance,True,validation,synthetic
DOWN-000170,FAC-001,LINE-03,ORD-03-015,2025-06-03,button_attach,2025-06-03T14:13:00+00:00,18,preventive_maintenance,True,test,synthetic
DOWN-000171,FAC-001,LINE-03,ORD-03-015,2025-06-05,overlock,2025-06-05T11:26:00+00:00,70,power_interruption,True,test,synthetic
DOWN-000172,FAC-001,LINE-03,ORD-03-015,2025-06-07,flatlock,2025-06-07T11:21:00+00:00,42,thread_break,True,test,synthetic
DOWN-000173,FAC-001,LINE-03,ORD-03-015,2025-06-07,overlock,2025-06-07T16:23:00+00:00,8,power_interruption,True,test,synthetic
DOWN-000174,FAC-001,LINE-03,ORD-03-015,2025-06-12,flatlock,2025-06-12T08:14:00+00:00,28,needle_damage,True,test,synthetic
DOWN-000175,FAC-001,LINE-03,ORD-03-015,2025-06-12,button_hole,2025-06-12T12:19:00+00:00,17,power_interruption,True,test,synthetic
DOWN-000176,FAC-001,LINE-03,ORD-03-016,2025-06-18,bartack,2025-06-18T13:08:00+00:00,15,thread_break,True,test,synthetic
DOWN-000177,FAC-001,LINE-03,ORD-03-016,2025-06-18,cutting_machine,2025-06-18T15:01:00+00:00,19,motor_issue,True,test,synthetic
DOWN-000178,FAC-001,LINE-03,ORD-03-016,2025-06-23,flatlock,2025-06-23T15:07:00+00:00,18,timing_adjustment,True,test,synthetic
DOWN-000179,FAC-001,LINE-03,ORD-03-016,2025-06-24,iron,2025-06-24T09:00:00+00:00,8,motor_issue,True,test,synthetic
DOWN-000180,FAC-001,LINE-03,ORD-03-016,2025-06-24,button_hole,2025-06-24T12:09:00+00:00,31,timing_adjustment,True,test,synthetic
DOWN-000181,FAC-001,LINE-03,ORD-03-016,2025-06-25,iron,2025-06-25T10:12:00+00:00,34,thread_break,True,test,synthetic
DOWN-000182,FAC-001,LINE-03,ORD-03-016,2025-06-25,single_needle,2025-06-25T11:08:00+00:00,15,thread_break,True,test,synthetic
DOWN-000183,FAC-001,LINE-03,ORD-03-016,2025-06-25,single_needle,2025-06-25T12:14:00+00:00,74,power_interruption,True,test,synthetic
DOWN-000184,FAC-001,LINE-03,ORD-03-016,2025-06-26,button_attach,2025-06-26T12:19:00+00:00,16,needle_damage,True,test,synthetic
DOWN-000185,FAC-001,LINE-04,ORD-04-001,2025-01-11,overlock,2025-01-11T16:18:00+00:00,49,preventive_maintenance,False,train,synthetic
DOWN-000186,FAC-001,LINE-04,ORD-04-001,2025-01-13,flatlock,2025-01-13T08:02:00+00:00,45,thread_break,True,train,synthetic
DOWN-000187,FAC-001,LINE-04,ORD-04-003,2025-01-22,bartack,2025-01-22T12:21:00+00:00,12,power_interruption,True,train,synthetic
DOWN-000188,FAC-001,LINE-04,ORD-04-003,2025-01-25,button_hole,2025-01-25T16:12:00+00:00,9,power_interruption,True,train,synthetic
DOWN-000189,FAC-001,LINE-04,ORD-04-003,2025-01-26,overlock,2025-01-26T08:13:00+00:00,15,power_interruption,True,train,synthetic
DOWN-000190,FAC-001,LINE-04,ORD-04-004,2025-01-30,cutting_machine,2025-01-30T13:28:00+00:00,90,motor_issue,True,train,synthetic
DOWN-000191,FAC-001,LINE-04,ORD-04-004,2025-02-05,iron,2025-02-05T13:17:00+00:00,92,motor_issue,True,train,synthetic
DOWN-000192,FAC-001,LINE-04,ORD-04-005,2025-02-11,cutting_machine,2025-02-11T12:14:00+00:00,71,thread_break,True,train,synthetic
DOWN-000193,FAC-001,LINE-04,ORD-04-005,2025-02-12,overlock,2025-02-12T16:00:00+00:00,19,motor_issue,True,train,synthetic
DOWN-000194,FAC-001,LINE-04,ORD-04-005,2025-02-12,button_hole,2025-02-12T12:02:00+00:00,40,preventive_maintenance,False,train,synthetic
DOWN-000195,FAC-001,LINE-04,ORD-04-005,2025-02-15,single_needle,2025-02-15T12:25:00+00:00,35,preventive_maintenance,True,train,synthetic
DOWN-000196,FAC-001,LINE-04,ORD-04-005,2025-02-18,bartack,2025-02-18T11:10:00+00:00,35,preventive_maintenance,True,train,synthetic
DOWN-000197,FAC-001,LINE-04,ORD-04-006,2025-02-20,cutting_machine,2025-02-20T11:02:00+00:00,78,thread_break,True,train,synthetic
DOWN-000198,FAC-001,LINE-04,ORD-04-006,2025-02-24,single_needle,2025-02-24T08:26:00+00:00,13,preventive_maintenance,True,train,synthetic
DOWN-000199,FAC-001,LINE-04,ORD-04-006,2025-02-25,flatlock,2025-02-25T14:29:00+00:00,15,power_interruption,True,train,synthetic
DOWN-000200,FAC-001,LINE-04,ORD-04-007,2025-03-03,button_attach,2025-03-03T14:00:00+00:00,12,thread_break,True,train,synthetic
DOWN-000201,FAC-001,LINE-04,ORD-04-007,2025-03-03,iron,2025-03-03T11:00:00+00:00,68,preventive_maintenance,True,train,synthetic
DOWN-000202,FAC-001,LINE-04,ORD-04-008,2025-03-10,button_attach,2025-03-10T14:16:00+00:00,26,needle_damage,True,train,synthetic
DOWN-000203,FAC-001,LINE-04,ORD-04-008,2025-03-12,iron,2025-03-12T16:18:00+00:00,95,preventive_maintenance,True,train,synthetic
DOWN-000204,FAC-001,LINE-04,ORD-04-008,2025-03-15,flatlock,2025-03-15T11:09:00+00:00,35,preventive_maintenance,True,train,synthetic
DOWN-000205,FAC-001,LINE-04,ORD-04-008,2025-03-17,flatlock,2025-03-17T10:16:00+00:00,30,needle_damage,True,train,synthetic
DOWN-000206,FAC-001,LINE-04,ORD-04-009,2025-03-20,iron,2025-03-20T13:22:00+00:00,17,power_interruption,True,train,synthetic
DOWN-000207,FAC-001,LINE-04,ORD-04-009,2025-03-23,iron,2025-03-23T12:27:00+00:00,8,power_interruption,True,train,synthetic
DOWN-000208,FAC-001,LINE-04,ORD-04-009,2025-03-24,iron,2025-03-24T14:10:00+00:00,14,needle_damage,True,train,synthetic
DOWN-000209,FAC-001,LINE-04,ORD-04-010,2025-03-26,flatlock,2025-03-26T13:26:00+00:00,23,power_interruption,True,train,synthetic
DOWN-000210,FAC-001,LINE-04,ORD-04-010,2025-04-03,cutting_machine,2025-04-03T13:10:00+00:00,12,thread_break,True,train,synthetic
DOWN-000211,FAC-001,LINE-04,ORD-04-011,2025-04-05,iron,2025-04-05T09:16:00+00:00,14,thread_break,True,train,synthetic
DOWN-000212,FAC-001,LINE-04,ORD-04-011,2025-04-12,bartack,2025-04-12T08:18:00+00:00,18,motor_issue,True,train,synthetic
DOWN-000213,FAC-001,LINE-04,ORD-04-012,2025-04-14,bartack,2025-04-14T12:20:00+00:00,22,needle_damage,True,train,synthetic
DOWN-000214,FAC-001,LINE-04,ORD-04-012,2025-04-17,cutting_machine,2025-04-17T14:28:00+00:00,19,power_interruption,True,train,synthetic
DOWN-000215,FAC-001,LINE-04,ORD-04-013,2025-05-04,bartack,2025-05-04T14:21:00+00:00,9,needle_damage,True,validation,synthetic
DOWN-000216,FAC-001,LINE-04,ORD-04-013,2025-05-04,bartack,2025-05-04T09:28:00+00:00,8,thread_break,True,validation,synthetic
DOWN-000217,FAC-001,LINE-04,ORD-04-014,2025-05-05,bartack,2025-05-05T11:15:00+00:00,20,needle_damage,True,validation,synthetic
DOWN-000218,FAC-001,LINE-04,ORD-04-014,2025-05-10,overlock,2025-05-10T15:22:00+00:00,25,thread_break,True,validation,synthetic
DOWN-000219,FAC-001,LINE-04,ORD-04-015,2025-05-15,button_hole,2025-05-15T16:27:00+00:00,36,power_interruption,True,validation,synthetic
DOWN-000220,FAC-001,LINE-04,ORD-04-015,2025-05-17,iron,2025-05-17T14:24:00+00:00,42,power_interruption,True,validation,synthetic
DOWN-000221,FAC-001,LINE-04,ORD-04-015,2025-05-20,button_attach,2025-05-20T09:00:00+00:00,29,thread_break,True,validation,synthetic
DOWN-000222,FAC-001,LINE-04,ORD-04-016,2025-05-27,button_attach,2025-05-27T16:03:00+00:00,8,preventive_maintenance,True,validation,synthetic
DOWN-000223,FAC-001,LINE-04,ORD-04-017,2025-06-07,iron,2025-06-07T09:13:00+00:00,31,preventive_maintenance,True,test,synthetic
DOWN-000224,FAC-001,LINE-04,ORD-04-017,2025-06-08,iron,2025-06-08T08:23:00+00:00,18,preventive_maintenance,True,test,synthetic
DOWN-000225,FAC-001,LINE-04,ORD-04-017,2025-06-09,single_needle,2025-06-09T09:17:00+00:00,21,preventive_maintenance,True,test,synthetic
DOWN-000226,FAC-001,LINE-04,ORD-04-017,2025-06-09,single_needle,2025-06-09T11:15:00+00:00,8,timing_adjustment,True,test,synthetic
DOWN-000227,FAC-001,LINE-04,ORD-04-018,2025-06-15,button_attach,2025-06-15T09:17:00+00:00,46,power_interruption,True,test,synthetic
DOWN-000228,FAC-001,LINE-04,ORD-04-018,2025-06-16,button_attach,2025-06-16T11:20:00+00:00,50,needle_damage,True,test,synthetic
DOWN-000229,FAC-001,LINE-04,ORD-04-018,2025-06-16,flatlock,2025-06-16T14:19:00+00:00,50,timing_adjustment,True,test,synthetic
DOWN-000230,FAC-001,LINE-04,ORD-04-018,2025-06-21,single_needle,2025-06-21T10:22:00+00:00,32,motor_issue,True,test,synthetic
DOWN-000231,FAC-001,LINE-04,ORD-04-018,2025-06-21,cutting_machine,2025-06-21T16:28:00+00:00,18,preventive_maintenance,True,test,synthetic
DOWN-000232,FAC-001,LINE-05,ORD-05-001,2025-01-06,button_hole,2025-01-06T16:01:00+00:00,18,needle_damage,False,train,synthetic
DOWN-000233,FAC-001,LINE-05,ORD-05-001,2025-01-07,button_hole,2025-01-07T10:28:00+00:00,45,needle_damage,True,train,synthetic
DOWN-000234,FAC-001,LINE-05,ORD-05-001,2025-01-13,iron,2025-01-13T09:19:00+00:00,37,preventive_maintenance,True,train,synthetic
DOWN-000235,FAC-001,LINE-05,ORD-05-001,2025-01-13,overlock,2025-01-13T12:21:00+00:00,49,motor_issue,True,train,synthetic
DOWN-000236,FAC-001,LINE-05,ORD-05-002,2025-01-19,button_hole,2025-01-19T10:24:00+00:00,30,motor_issue,True,train,synthetic
DOWN-000237,FAC-001,LINE-05,ORD-05-002,2025-01-19,cutting_machine,2025-01-19T14:22:00+00:00,8,preventive_maintenance,True,train,synthetic
DOWN-000238,FAC-001,LINE-05,ORD-05-002,2025-01-21,iron,2025-01-21T09:03:00+00:00,41,timing_adjustment,False,train,synthetic
DOWN-000239,FAC-001,LINE-05,ORD-05-002,2025-01-27,iron,2025-01-27T14:19:00+00:00,17,motor_issue,False,train,synthetic
DOWN-000240,FAC-001,LINE-05,ORD-05-002,2025-01-27,iron,2025-01-27T12:03:00+00:00,26,preventive_maintenance,True,train,synthetic
DOWN-000241,FAC-001,LINE-05,ORD-05-003,2025-01-29,bartack,2025-01-29T13:18:00+00:00,8,power_interruption,True,train,synthetic
DOWN-000242,FAC-001,LINE-05,ORD-05-003,2025-01-30,button_hole,2025-01-30T13:29:00+00:00,33,thread_break,True,train,synthetic
DOWN-000243,FAC-001,LINE-05,ORD-05-003,2025-02-04,button_attach,2025-02-04T16:22:00+00:00,8,motor_issue,True,train,synthetic
DOWN-000244,FAC-001,LINE-05,ORD-05-004,2025-02-10,flatlock,2025-02-10T10:26:00+00:00,71,thread_break,True,train,synthetic
DOWN-000245,FAC-001,LINE-05,ORD-05-004,2025-02-15,button_attach,2025-02-15T10:21:00+00:00,77,timing_adjustment,False,train,synthetic
DOWN-000246,FAC-001,LINE-05,ORD-05-005,2025-02-18,flatlock,2025-02-18T10:18:00+00:00,25,timing_adjustment,True,train,synthetic
DOWN-000247,FAC-001,LINE-05,ORD-05-005,2025-02-19,overlock,2025-02-19T08:16:00+00:00,10,motor_issue,True,train,synthetic
DOWN-000248,FAC-001,LINE-05,ORD-05-006,2025-03-04,single_needle,2025-03-04T09:16:00+00:00,53,needle_damage,True,train,synthetic
DOWN-000249,FAC-001,LINE-05,ORD-05-007,2025-03-10,cutting_machine,2025-03-10T15:09:00+00:00,8,needle_damage,True,train,synthetic
DOWN-000250,FAC-001,LINE-05,ORD-05-007,2025-03-16,iron,2025-03-16T08:21:00+00:00,38,needle_damage,True,train,synthetic
DOWN-000251,FAC-001,LINE-05,ORD-05-008,2025-03-23,overlock,2025-03-23T16:11:00+00:00,43,thread_break,True,train,synthetic
DOWN-000252,FAC-001,LINE-05,ORD-05-008,2025-03-24,button_hole,2025-03-24T13:10:00+00:00,14,thread_break,True,train,synthetic
DOWN-000253,FAC-001,LINE-05,ORD-05-009,2025-03-30,iron,2025-03-30T14:18:00+00:00,33,motor_issue,True,train,synthetic
DOWN-000254,FAC-001,LINE-05,ORD-05-009,2025-03-31,overlock,2025-03-31T10:25:00+00:00,62,thread_break,True,train,synthetic
DOWN-000255,FAC-001,LINE-05,ORD-05-009,2025-04-02,button_attach,2025-04-02T12:16:00+00:00,33,needle_damage,True,train,synthetic
DOWN-000256,FAC-001,LINE-05,ORD-05-009,2025-04-05,button_hole,2025-04-05T13:16:00+00:00,37,needle_damage,True,train,synthetic
DOWN-000257,FAC-001,LINE-05,ORD-05-009,2025-04-06,overlock,2025-04-06T10:22:00+00:00,11,needle_damage,False,train,synthetic
DOWN-000258,FAC-001,LINE-05,ORD-05-010,2025-04-07,cutting_machine,2025-04-07T14:18:00+00:00,36,needle_damage,True,train,synthetic
DOWN-000259,FAC-001,LINE-05,ORD-05-010,2025-04-07,button_attach,2025-04-07T12:09:00+00:00,15,thread_break,True,train,synthetic
DOWN-000260,FAC-001,LINE-05,ORD-05-010,2025-04-08,bartack,2025-04-08T13:07:00+00:00,8,needle_damage,True,train,synthetic
DOWN-000261,FAC-001,LINE-05,ORD-05-010,2025-04-13,cutting_machine,2025-04-13T13:23:00+00:00,52,needle_damage,True,train,synthetic
DOWN-000262,FAC-001,LINE-05,ORD-05-011,2025-04-17,button_hole,2025-04-17T11:27:00+00:00,26,power_interruption,True,train,synthetic
DOWN-000263,FAC-001,LINE-05,ORD-05-011,2025-04-19,single_needle,2025-04-19T11:17:00+00:00,10,timing_adjustment,True,train,synthetic
DOWN-000264,FAC-001,LINE-05,ORD-05-011,2025-04-21,cutting_machine,2025-04-21T11:05:00+00:00,35,timing_adjustment,True,train,synthetic
DOWN-000265,FAC-001,LINE-05,ORD-05-011,2025-04-23,single_needle,2025-04-23T08:19:00+00:00,18,preventive_maintenance,True,train,synthetic
DOWN-000266,FAC-001,LINE-05,ORD-05-011,2025-04-24,bartack,2025-04-24T12:12:00+00:00,49,motor_issue,True,train,synthetic
DOWN-000267,FAC-001,LINE-05,ORD-05-012,2025-04-27,flatlock,2025-04-27T13:29:00+00:00,34,preventive_maintenance,True,train,synthetic
DOWN-000268,FAC-001,LINE-05,ORD-05-012,2025-04-28,iron,2025-04-28T12:22:00+00:00,60,thread_break,True,train,synthetic
DOWN-000269,FAC-001,LINE-05,ORD-05-012,2025-05-03,bartack,2025-05-03T08:28:00+00:00,21,needle_damage,True,validation,synthetic
DOWN-000270,FAC-001,LINE-05,ORD-05-012,2025-05-04,button_attach,2025-05-04T10:17:00+00:00,20,motor_issue,True,validation,synthetic
DOWN-000271,FAC-001,LINE-05,ORD-05-013,2025-05-06,flatlock,2025-05-06T14:20:00+00:00,17,timing_adjustment,True,validation,synthetic
DOWN-000272,FAC-001,LINE-05,ORD-05-013,2025-05-14,iron,2025-05-14T14:15:00+00:00,15,power_interruption,True,validation,synthetic
DOWN-000273,FAC-001,LINE-05,ORD-05-013,2025-05-15,flatlock,2025-05-15T13:21:00+00:00,9,motor_issue,True,validation,synthetic
DOWN-000274,FAC-001,LINE-05,ORD-05-013,2025-05-15,button_hole,2025-05-15T12:20:00+00:00,9,motor_issue,True,validation,synthetic
DOWN-000275,FAC-001,LINE-05,ORD-05-013,2025-05-19,flatlock,2025-05-19T08:17:00+00:00,16,needle_damage,True,validation,synthetic
DOWN-000276,FAC-001,LINE-05,ORD-05-014,2025-05-22,bartack,2025-05-22T11:01:00+00:00,22,thread_break,True,validation,synthetic
DOWN-000277,FAC-001,LINE-05,ORD-05-014,2025-05-27,button_hole,2025-05-27T15:25:00+00:00,8,thread_break,True,validation,synthetic
DOWN-000278,FAC-001,LINE-05,ORD-05-014,2025-05-27,bartack,2025-05-27T12:25:00+00:00,21,needle_damage,True,validation,synthetic
DOWN-000279,FAC-001,LINE-05,ORD-05-014,2025-05-28,bartack,2025-05-28T09:22:00+00:00,8,thread_break,True,validation,synthetic
DOWN-000280,FAC-001,LINE-05,ORD-05-015,2025-06-07,button_attach,2025-06-07T13:23:00+00:00,27,needle_damage,False,test,synthetic
DOWN-000281,FAC-001,LINE-05,ORD-05-015,2025-06-11,overlock,2025-06-11T08:16:00+00:00,40,timing_adjustment,False,test,synthetic
DOWN-000282,FAC-001,LINE-05,ORD-05-017,2025-06-21,single_needle,2025-06-21T08:15:00+00:00,37,power_interruption,True,test,synthetic
DOWN-000283,FAC-001,LINE-06,ORD-06-001,2025-01-04,button_hole,2025-01-04T16:00:00+00:00,45,preventive_maintenance,True,train,synthetic
DOWN-000284,FAC-001,LINE-06,ORD-06-002,2025-01-15,iron,2025-01-15T12:12:00+00:00,50,thread_break,True,train,synthetic
DOWN-000285,FAC-001,LINE-06,ORD-06-002,2025-01-15,flatlock,2025-01-15T09:18:00+00:00,33,thread_break,True,train,synthetic
DOWN-000286,FAC-001,LINE-06,ORD-06-002,2025-01-16,single_needle,2025-01-16T09:14:00+00:00,24,timing_adjustment,True,train,synthetic
DOWN-000287,FAC-001,LINE-06,ORD-06-002,2025-01-18,cutting_machine,2025-01-18T13:23:00+00:00,29,timing_adjustment,True,train,synthetic
DOWN-000288,FAC-001,LINE-06,ORD-06-002,2025-01-19,button_attach,2025-01-19T15:01:00+00:00,40,motor_issue,False,train,synthetic
DOWN-000289,FAC-001,LINE-06,ORD-06-002,2025-01-19,overlock,2025-01-19T15:29:00+00:00,70,preventive_maintenance,True,train,synthetic
DOWN-000290,FAC-001,LINE-06,ORD-06-002,2025-01-19,iron,2025-01-19T08:26:00+00:00,28,preventive_maintenance,True,train,synthetic
DOWN-000291,FAC-001,LINE-06,ORD-06-002,2025-01-21,overlock,2025-01-21T14:21:00+00:00,42,thread_break,True,train,synthetic
DOWN-000292,FAC-001,LINE-06,ORD-06-003,2025-01-25,bartack,2025-01-25T13:14:00+00:00,13,motor_issue,True,train,synthetic
DOWN-000293,FAC-001,LINE-06,ORD-06-003,2025-01-27,single_needle,2025-01-27T11:25:00+00:00,15,power_interruption,True,train,synthetic
DOWN-000294,FAC-001,LINE-06,ORD-06-003,2025-01-27,bartack,2025-01-27T12:20:00+00:00,24,timing_adjustment,True,train,synthetic
DOWN-000295,FAC-001,LINE-06,ORD-06-004,2025-01-30,flatlock,2025-01-30T09:01:00+00:00,64,power_interruption,True,train,synthetic
DOWN-000296,FAC-001,LINE-06,ORD-06-004,2025-02-02,overlock,2025-02-02T08:00:00+00:00,32,needle_damage,True,train,synthetic
DOWN-000297,FAC-001,LINE-06,ORD-06-004,2025-02-02,single_needle,2025-02-02T14:14:00+00:00,22,power_interruption,True,train,synthetic
DOWN-000298,FAC-001,LINE-06,ORD-06-005,2025-02-06,button_hole,2025-02-06T11:05:00+00:00,13,power_interruption,True,train,synthetic
DOWN-000299,FAC-001,LINE-06,ORD-06-005,2025-02-12,button_hole,2025-02-12T16:19:00+00:00,12,thread_break,True,train,synthetic
DOWN-000300,FAC-001,LINE-06,ORD-06-005,2025-02-15,button_hole,2025-02-15T11:03:00+00:00,78,motor_issue,True,train,synthetic
DOWN-000301,FAC-001,LINE-06,ORD-06-005,2025-02-15,button_attach,2025-02-15T15:01:00+00:00,18,thread_break,True,train,synthetic
DOWN-000302,FAC-001,LINE-06,ORD-06-005,2025-02-17,button_attach,2025-02-17T14:06:00+00:00,20,timing_adjustment,True,train,synthetic
DOWN-000303,FAC-001,LINE-06,ORD-06-006,2025-02-20,overlock,2025-02-20T11:19:00+00:00,8,needle_damage,True,train,synthetic
DOWN-000304,FAC-001,LINE-06,ORD-06-006,2025-02-20,flatlock,2025-02-20T09:03:00+00:00,20,motor_issue,True,train,synthetic
DOWN-000305,FAC-001,LINE-06,ORD-06-006,2025-02-22,flatlock,2025-02-22T15:02:00+00:00,33,timing_adjustment,True,train,synthetic
DOWN-000306,FAC-001,LINE-06,ORD-06-006,2025-02-23,overlock,2025-02-23T08:16:00+00:00,53,motor_issue,True,train,synthetic
DOWN-000307,FAC-001,LINE-06,ORD-06-006,2025-02-26,iron,2025-02-26T10:06:00+00:00,26,preventive_maintenance,True,train,synthetic
DOWN-000308,FAC-001,LINE-06,ORD-06-006,2025-02-27,overlock,2025-02-27T09:04:00+00:00,23,preventive_maintenance,True,train,synthetic
DOWN-000309,FAC-001,LINE-06,ORD-06-006,2025-03-01,iron,2025-03-01T14:09:00+00:00,15,thread_break,True,train,synthetic
DOWN-000310,FAC-001,LINE-06,ORD-06-007,2025-03-05,iron,2025-03-05T16:07:00+00:00,70,preventive_maintenance,True,train,synthetic
DOWN-000311,FAC-001,LINE-06,ORD-06-007,2025-03-05,button_attach,2025-03-05T13:29:00+00:00,46,timing_adjustment,False,train,synthetic
DOWN-000312,FAC-001,LINE-06,ORD-06-008,2025-03-13,button_hole,2025-03-13T15:19:00+00:00,87,needle_damage,True,train,synthetic
DOWN-000313,FAC-001,LINE-06,ORD-06-008,2025-03-15,flatlock,2025-03-15T13:02:00+00:00,16,preventive_maintenance,True,train,synthetic
DOWN-000314,FAC-001,LINE-06,ORD-06-008,2025-03-17,iron,2025-03-17T09:28:00+00:00,8,motor_issue,True,train,synthetic
DOWN-000315,FAC-001,LINE-06,ORD-06-009,2025-03-24,button_hole,2025-03-24T14:24:00+00:00,23,preventive_maintenance,True,train,synthetic
DOWN-000316,FAC-001,LINE-06,ORD-06-010,2025-03-25,bartack,2025-03-25T12:02:00+00:00,22,motor_issue,True,train,synthetic
DOWN-000317,FAC-001,LINE-06,ORD-06-010,2025-03-27,bartack,2025-03-27T15:11:00+00:00,38,needle_damage,True,train,synthetic
DOWN-000318,FAC-001,LINE-06,ORD-06-010,2025-04-01,cutting_machine,2025-04-01T10:10:00+00:00,21,thread_break,True,train,synthetic
DOWN-000319,FAC-001,LINE-06,ORD-06-010,2025-04-02,single_needle,2025-04-02T10:00:00+00:00,32,preventive_maintenance,True,train,synthetic
DOWN-000320,FAC-001,LINE-06,ORD-06-011,2025-04-07,button_hole,2025-04-07T11:19:00+00:00,23,needle_damage,True,train,synthetic
DOWN-000321,FAC-001,LINE-06,ORD-06-011,2025-04-08,iron,2025-04-08T09:00:00+00:00,24,needle_damage,True,train,synthetic
DOWN-000322,FAC-001,LINE-06,ORD-06-011,2025-04-14,button_hole,2025-04-14T16:15:00+00:00,39,timing_adjustment,False,train,synthetic
DOWN-000323,FAC-001,LINE-06,ORD-06-012,2025-04-17,cutting_machine,2025-04-17T15:28:00+00:00,43,preventive_maintenance,True,train,synthetic
DOWN-000324,FAC-001,LINE-06,ORD-06-012,2025-04-20,button_hole,2025-04-20T11:26:00+00:00,27,needle_damage,True,train,synthetic
DOWN-000325,FAC-001,LINE-06,ORD-06-012,2025-04-20,single_needle,2025-04-20T10:08:00+00:00,17,needle_damage,True,train,synthetic
DOWN-000326,FAC-001,LINE-06,ORD-06-012,2025-04-21,button_attach,2025-04-21T16:10:00+00:00,24,needle_damage,True,train,synthetic
DOWN-000327,FAC-001,LINE-06,ORD-06-013,2025-05-01,bartack,2025-05-01T16:00:00+00:00,8,timing_adjustment,True,validation,synthetic
DOWN-000328,FAC-001,LINE-06,ORD-06-013,2025-05-04,single_needle,2025-05-04T08:09:00+00:00,61,needle_damage,True,validation,synthetic
DOWN-000329,FAC-001,LINE-06,ORD-06-014,2025-05-13,button_attach,2025-05-13T14:08:00+00:00,91,motor_issue,False,validation,synthetic
DOWN-000330,FAC-001,LINE-06,ORD-06-014,2025-05-14,flatlock,2025-05-14T14:22:00+00:00,25,power_interruption,True,validation,synthetic
DOWN-000331,FAC-001,LINE-06,ORD-06-015,2025-05-24,button_hole,2025-05-24T12:02:00+00:00,58,thread_break,True,validation,synthetic
DOWN-000332,FAC-001,LINE-06,ORD-06-015,2025-05-25,single_needle,2025-05-25T12:21:00+00:00,46,timing_adjustment,True,validation,synthetic
DOWN-000333,FAC-001,LINE-06,ORD-06-016,2025-05-27,button_hole,2025-05-27T13:09:00+00:00,14,motor_issue,True,validation,synthetic
DOWN-000334,FAC-001,LINE-06,ORD-06-016,2025-05-28,button_hole,2025-05-28T10:17:00+00:00,22,thread_break,True,validation,synthetic
DOWN-000335,FAC-001,LINE-06,ORD-06-016,2025-05-31,overlock,2025-05-31T11:22:00+00:00,19,needle_damage,True,validation,synthetic
DOWN-000336,FAC-001,LINE-06,ORD-06-016,2025-06-02,button_attach,2025-06-02T16:00:00+00:00,22,thread_break,True,test,synthetic
DOWN-000337,FAC-001,LINE-06,ORD-06-016,2025-06-07,cutting_machine,2025-06-07T12:24:00+00:00,13,needle_damage,True,test,synthetic
DOWN-000338,FAC-001,LINE-06,ORD-06-017,2025-06-11,iron,2025-06-11T12:12:00+00:00,8,thread_break,True,test,synthetic
DOWN-000339,FAC-001,LINE-06,ORD-06-017,2025-06-12,overlock,2025-06-12T10:19:00+00:00,8,timing_adjustment,True,test,synthetic
DOWN-000340,FAC-001,LINE-06,ORD-06-017,2025-06-14,iron,2025-06-14T11:21:00+00:00,13,timing_adjustment,True,test,synthetic
DOWN-000341,FAC-001,LINE-06,ORD-06-018,2025-06-17,overlock,2025-06-17T14:27:00+00:00,26,thread_break,True,test,synthetic
DOWN-000342,FAC-001,LINE-06,ORD-06-018,2025-06-17,iron,2025-06-17T10:15:00+00:00,35,motor_issue,True,test,synthetic
DOWN-000343,FAC-001,LINE-06,ORD-06-018,2025-06-23,single_needle,2025-06-23T15:11:00+00:00,14,motor_issue,True,test,synthetic
DOWN-000344,FAC-001,LINE-06,ORD-06-019,2025-06-30,button_hole,2025-06-30T08:06:00+00:00,14,power_interruption,True,test,synthetic
DOWN-000345,FAC-001,LINE-07,ORD-07-001,2025-01-06,bartack,2025-01-06T14:23:00+00:00,46,preventive_maintenance,True,train,synthetic
DOWN-000346,FAC-001,LINE-07,ORD-07-001,2025-01-12,button_attach,2025-01-12T10:20:00+00:00,20,thread_break,True,train,synthetic
DOWN-000347,FAC-001,LINE-07,ORD-07-002,2025-01-16,single_needle,2025-01-16T15:25:00+00:00,8,needle_damage,True,train,synthetic
DOWN-000348,FAC-001,LINE-07,ORD-07-002,2025-01-18,iron,2025-01-18T14:01:00+00:00,12,timing_adjustment,True,train,synthetic
DOWN-000349,FAC-001,LINE-07,ORD-07-002,2025-01-20,flatlock,2025-01-20T13:24:00+00:00,71,needle_damage,True,train,synthetic
DOWN-000350,FAC-001,LINE-07,ORD-07-002,2025-01-22,button_attach,2025-01-22T13:27:00+00:00,40,preventive_maintenance,True,train,synthetic
DOWN-000351,FAC-001,LINE-07,ORD-07-002,2025-01-26,button_attach,2025-01-26T08:03:00+00:00,9,needle_damage,True,train,synthetic
DOWN-000352,FAC-001,LINE-07,ORD-07-002,2025-01-26,overlock,2025-01-26T08:03:00+00:00,38,power_interruption,False,train,synthetic
DOWN-000353,FAC-001,LINE-07,ORD-07-002,2025-01-28,single_needle,2025-01-28T15:07:00+00:00,18,motor_issue,True,train,synthetic
DOWN-000354,FAC-001,LINE-07,ORD-07-003,2025-01-30,flatlock,2025-01-30T16:04:00+00:00,20,thread_break,False,train,synthetic
DOWN-000355,FAC-001,LINE-07,ORD-07-003,2025-02-01,single_needle,2025-02-01T14:23:00+00:00,48,timing_adjustment,True,train,synthetic
DOWN-000356,FAC-001,LINE-07,ORD-07-003,2025-02-02,button_hole,2025-02-02T14:12:00+00:00,8,motor_issue,False,train,synthetic
DOWN-000357,FAC-001,LINE-07,ORD-07-003,2025-02-04,flatlock,2025-02-04T12:03:00+00:00,59,needle_damage,True,train,synthetic
DOWN-000358,FAC-001,LINE-07,ORD-07-003,2025-02-04,bartack,2025-02-04T16:23:00+00:00,41,preventive_maintenance,True,train,synthetic
DOWN-000359,FAC-001,LINE-07,ORD-07-003,2025-02-05,cutting_machine,2025-02-05T16:08:00+00:00,19,preventive_maintenance,True,train,synthetic
DOWN-000360,FAC-001,LINE-07,ORD-07-003,2025-02-06,flatlock,2025-02-06T08:21:00+00:00,25,preventive_maintenance,True,train,synthetic
DOWN-000361,FAC-001,LINE-07,ORD-07-003,2025-02-06,flatlock,2025-02-06T16:03:00+00:00,8,needle_damage,True,train,synthetic
DOWN-000362,FAC-001,LINE-07,ORD-07-003,2025-02-09,iron,2025-02-09T14:17:00+00:00,54,timing_adjustment,True,train,synthetic
DOWN-000363,FAC-001,LINE-07,ORD-07-003,2025-02-10,button_attach,2025-02-10T12:03:00+00:00,62,timing_adjustment,True,train,synthetic
DOWN-000364,FAC-001,LINE-07,ORD-07-003,2025-02-11,cutting_machine,2025-02-11T15:20:00+00:00,95,motor_issue,True,train,synthetic
DOWN-000365,FAC-001,LINE-07,ORD-07-004,2025-02-17,button_hole,2025-02-17T12:08:00+00:00,8,power_interruption,True,train,synthetic
DOWN-000366,FAC-001,LINE-07,ORD-07-004,2025-02-17,flatlock,2025-02-17T12:13:00+00:00,54,thread_break,True,train,synthetic
DOWN-000367,FAC-001,LINE-07,ORD-07-005,2025-02-27,single_needle,2025-02-27T15:25:00+00:00,8,timing_adjustment,False,train,synthetic
DOWN-000368,FAC-001,LINE-07,ORD-07-005,2025-03-01,button_attach,2025-03-01T13:05:00+00:00,67,thread_break,True,train,synthetic
DOWN-000369,FAC-001,LINE-07,ORD-07-005,2025-03-01,button_attach,2025-03-01T08:06:00+00:00,19,timing_adjustment,True,train,synthetic
DOWN-000370,FAC-001,LINE-07,ORD-07-005,2025-03-02,button_attach,2025-03-02T10:07:00+00:00,18,power_interruption,True,train,synthetic
DOWN-000371,FAC-001,LINE-07,ORD-07-005,2025-03-03,cutting_machine,2025-03-03T09:21:00+00:00,27,motor_issue,True,train,synthetic
DOWN-000372,FAC-001,LINE-07,ORD-07-005,2025-03-06,button_attach,2025-03-06T16:00:00+00:00,24,motor_issue,True,train,synthetic
DOWN-000373,FAC-001,LINE-07,ORD-07-006,2025-03-08,iron,2025-03-08T10:10:00+00:00,46,power_interruption,True,train,synthetic
DOWN-000374,FAC-001,LINE-07,ORD-07-006,2025-03-13,flatlock,2025-03-13T13:02:00+00:00,16,timing_adjustment,True,train,synthetic
DOWN-000375,FAC-001,LINE-07,ORD-07-007,2025-03-25,button_hole,2025-03-25T13:00:00+00:00,10,thread_break,True,train,synthetic
DOWN-000376,FAC-001,LINE-07,ORD-07-008,2025-03-26,single_needle,2025-03-26T11:06:00+00:00,24,power_interruption,True,train,synthetic
DOWN-000377,FAC-001,LINE-07,ORD-07-008,2025-03-29,cutting_machine,2025-03-29T16:24:00+00:00,17,timing_adjustment,True,train,synthetic
DOWN-000378,FAC-001,LINE-07,ORD-07-008,2025-03-29,button_attach,2025-03-29T08:27:00+00:00,8,thread_break,True,train,synthetic
DOWN-000379,FAC-001,LINE-07,ORD-07-008,2025-04-02,iron,2025-04-02T11:18:00+00:00,8,needle_damage,False,train,synthetic
DOWN-000380,FAC-001,LINE-07,ORD-07-008,2025-04-05,flatlock,2025-04-05T12:06:00+00:00,24,timing_adjustment,True,train,synthetic
DOWN-000381,FAC-001,LINE-07,ORD-07-008,2025-04-06,overlock,2025-04-06T09:12:00+00:00,14,thread_break,True,train,synthetic
DOWN-000382,FAC-001,LINE-07,ORD-07-009,2025-04-09,iron,2025-04-09T15:04:00+00:00,29,needle_damage,True,train,synthetic
DOWN-000383,FAC-001,LINE-07,ORD-07-009,2025-04-14,single_needle,2025-04-14T13:22:00+00:00,43,preventive_maintenance,True,train,synthetic
DOWN-000384,FAC-001,LINE-07,ORD-07-009,2025-04-16,button_hole,2025-04-16T08:04:00+00:00,19,motor_issue,True,train,synthetic
DOWN-000385,FAC-001,LINE-07,ORD-07-010,2025-04-24,flatlock,2025-04-24T16:08:00+00:00,12,power_interruption,False,train,synthetic
DOWN-000386,FAC-001,LINE-07,ORD-07-010,2025-04-26,button_attach,2025-04-26T08:23:00+00:00,15,power_interruption,True,train,synthetic
DOWN-000387,FAC-001,LINE-07,ORD-07-011,2025-04-28,cutting_machine,2025-04-28T15:23:00+00:00,15,motor_issue,True,train,synthetic
DOWN-000388,FAC-001,LINE-07,ORD-07-012,2025-05-11,bartack,2025-05-11T11:13:00+00:00,67,power_interruption,True,validation,synthetic
DOWN-000389,FAC-001,LINE-07,ORD-07-012,2025-05-14,overlock,2025-05-14T11:19:00+00:00,13,thread_break,True,validation,synthetic
DOWN-000390,FAC-001,LINE-07,ORD-07-012,2025-05-14,iron,2025-05-14T13:29:00+00:00,23,timing_adjustment,True,validation,synthetic
DOWN-000391,FAC-001,LINE-07,ORD-07-012,2025-05-15,cutting_machine,2025-05-15T08:24:00+00:00,50,motor_issue,True,validation,synthetic
DOWN-000392,FAC-001,LINE-07,ORD-07-013,2025-05-19,overlock,2025-05-19T15:03:00+00:00,36,timing_adjustment,False,validation,synthetic
DOWN-000393,FAC-001,LINE-07,ORD-07-013,2025-05-27,overlock,2025-05-27T10:17:00+00:00,15,power_interruption,True,validation,synthetic
DOWN-000394,FAC-001,LINE-07,ORD-07-014,2025-05-31,overlock,2025-05-31T16:16:00+00:00,19,thread_break,True,validation,synthetic
DOWN-000395,FAC-001,LINE-07,ORD-07-014,2025-06-02,cutting_machine,2025-06-02T13:28:00+00:00,19,needle_damage,True,test,synthetic
DOWN-000396,FAC-001,LINE-07,ORD-07-014,2025-06-03,bartack,2025-06-03T16:05:00+00:00,37,thread_break,True,test,synthetic
DOWN-000397,FAC-001,LINE-07,ORD-07-015,2025-06-07,bartack,2025-06-07T09:11:00+00:00,9,needle_damage,True,test,synthetic
DOWN-000398,FAC-001,LINE-07,ORD-07-015,2025-06-08,overlock,2025-06-08T10:10:00+00:00,18,preventive_maintenance,True,test,synthetic
DOWN-000399,FAC-001,LINE-07,ORD-07-016,2025-06-17,flatlock,2025-06-17T11:28:00+00:00,44,preventive_maintenance,True,test,synthetic
DOWN-000400,FAC-001,LINE-07,ORD-07-016,2025-06-19,overlock,2025-06-19T13:15:00+00:00,51,power_interruption,True,test,synthetic
DOWN-000401,FAC-001,LINE-07,ORD-07-016,2025-06-22,single_needle,2025-06-22T08:23:00+00:00,39,motor_issue,True,test,synthetic
DOWN-000402,FAC-001,LINE-07,ORD-07-016,2025-06-24,overlock,2025-06-24T08:13:00+00:00,23,thread_break,True,test,synthetic
DOWN-000403,FAC-001,LINE-07,ORD-07-017,2025-06-29,button_hole,2025-06-29T08:23:00+00:00,21,motor_issue,True,test,synthetic
DOWN-000404,FAC-001,LINE-08,ORD-08-002,2025-01-16,overlock,2025-01-16T08:10:00+00:00,38,motor_issue,True,train,synthetic
DOWN-000405,FAC-001,LINE-08,ORD-08-002,2025-01-18,button_hole,2025-01-18T12:08:00+00:00,8,thread_break,True,train,synthetic
DOWN-000406,FAC-001,LINE-08,ORD-08-003,2025-01-20,single_needle,2025-01-20T14:19:00+00:00,40,timing_adjustment,True,train,synthetic
DOWN-000407,FAC-001,LINE-08,ORD-08-003,2025-01-27,flatlock,2025-01-27T10:11:00+00:00,9,preventive_maintenance,True,train,synthetic
DOWN-000408,FAC-001,LINE-08,ORD-08-003,2025-01-27,cutting_machine,2025-01-27T10:10:00+00:00,11,timing_adjustment,True,train,synthetic
DOWN-000409,FAC-001,LINE-08,ORD-08-004,2025-01-30,cutting_machine,2025-01-30T13:20:00+00:00,46,motor_issue,True,train,synthetic
DOWN-000410,FAC-001,LINE-08,ORD-08-004,2025-02-02,cutting_machine,2025-02-02T10:13:00+00:00,25,timing_adjustment,True,train,synthetic
DOWN-000411,FAC-001,LINE-08,ORD-08-004,2025-02-03,single_needle,2025-02-03T14:08:00+00:00,29,timing_adjustment,True,train,synthetic
DOWN-000412,FAC-001,LINE-08,ORD-08-004,2025-02-05,single_needle,2025-02-05T09:22:00+00:00,33,motor_issue,True,train,synthetic
DOWN-000413,FAC-001,LINE-08,ORD-08-004,2025-02-05,button_attach,2025-02-05T08:10:00+00:00,27,preventive_maintenance,True,train,synthetic
DOWN-000414,FAC-001,LINE-08,ORD-08-005,2025-02-09,iron,2025-02-09T13:13:00+00:00,25,power_interruption,True,train,synthetic
DOWN-000415,FAC-001,LINE-08,ORD-08-005,2025-02-10,bartack,2025-02-10T12:00:00+00:00,9,needle_damage,True,train,synthetic
DOWN-000416,FAC-001,LINE-08,ORD-08-005,2025-02-10,bartack,2025-02-10T11:13:00+00:00,8,preventive_maintenance,True,train,synthetic
DOWN-000417,FAC-001,LINE-08,ORD-08-005,2025-02-12,button_attach,2025-02-12T09:27:00+00:00,35,thread_break,True,train,synthetic
DOWN-000418,FAC-001,LINE-08,ORD-08-005,2025-02-12,button_hole,2025-02-12T14:28:00+00:00,39,preventive_maintenance,True,train,synthetic
DOWN-000419,FAC-001,LINE-08,ORD-08-005,2025-02-13,button_hole,2025-02-13T10:07:00+00:00,32,timing_adjustment,True,train,synthetic
DOWN-000420,FAC-001,LINE-08,ORD-08-005,2025-02-17,flatlock,2025-02-17T16:03:00+00:00,57,preventive_maintenance,True,train,synthetic
DOWN-000421,FAC-001,LINE-08,ORD-08-005,2025-02-17,single_needle,2025-02-17T12:09:00+00:00,17,thread_break,True,train,synthetic
DOWN-000422,FAC-001,LINE-08,ORD-08-006,2025-02-20,bartack,2025-02-20T13:18:00+00:00,42,needle_damage,False,train,synthetic
DOWN-000423,FAC-001,LINE-08,ORD-08-006,2025-02-23,button_attach,2025-02-23T15:17:00+00:00,57,preventive_maintenance,True,train,synthetic
DOWN-000424,FAC-001,LINE-08,ORD-08-006,2025-02-26,button_hole,2025-02-26T08:28:00+00:00,27,needle_damage,True,train,synthetic
DOWN-000425,FAC-001,LINE-08,ORD-08-006,2025-03-02,bartack,2025-03-02T16:08:00+00:00,27,power_interruption,False,train,synthetic
DOWN-000426,FAC-001,LINE-08,ORD-08-007,2025-03-04,single_needle,2025-03-04T13:26:00+00:00,31,preventive_maintenance,True,train,synthetic
DOWN-000427,FAC-001,LINE-08,ORD-08-007,2025-03-04,bartack,2025-03-04T13:19:00+00:00,29,preventive_maintenance,False,train,synthetic
DOWN-000428,FAC-001,LINE-08,ORD-08-007,2025-03-04,bartack,2025-03-04T16:05:00+00:00,44,timing_adjustment,True,train,synthetic
DOWN-000429,FAC-001,LINE-08,ORD-08-008,2025-03-11,button_attach,2025-03-11T14:15:00+00:00,36,thread_break,False,train,synthetic
DOWN-000430,FAC-001,LINE-08,ORD-08-008,2025-03-16,overlock,2025-03-16T10:09:00+00:00,56,motor_issue,True,train,synthetic
DOWN-000431,FAC-001,LINE-08,ORD-08-008,2025-03-17,iron,2025-03-17T16:08:00+00:00,41,thread_break,False,train,synthetic
DOWN-000432,FAC-001,LINE-08,ORD-08-010,2025-04-02,single_needle,2025-04-02T10:05:00+00:00,22,power_interruption,True,train,synthetic
DOWN-000433,FAC-001,LINE-08,ORD-08-010,2025-04-05,single_needle,2025-04-05T09:06:00+00:00,11,motor_issue,True,train,synthetic
DOWN-000434,FAC-001,LINE-08,ORD-08-010,2025-04-06,button_hole,2025-04-06T16:19:00+00:00,21,timing_adjustment,True,train,synthetic
DOWN-000435,FAC-001,LINE-08,ORD-08-010,2025-04-07,iron,2025-04-07T13:13:00+00:00,16,motor_issue,True,train,synthetic
DOWN-000436,FAC-001,LINE-08,ORD-08-010,2025-04-07,cutting_machine,2025-04-07T11:19:00+00:00,20,needle_damage,True,train,synthetic
DOWN-000437,FAC-001,LINE-08,ORD-08-011,2025-04-10,button_hole,2025-04-10T09:03:00+00:00,22,motor_issue,True,train,synthetic
DOWN-000438,FAC-001,LINE-08,ORD-08-011,2025-04-19,overlock,2025-04-19T15:05:00+00:00,75,needle_damage,True,train,synthetic
DOWN-000439,FAC-001,LINE-08,ORD-08-012,2025-04-26,bartack,2025-04-26T09:24:00+00:00,8,motor_issue,True,train,synthetic
DOWN-000440,FAC-001,LINE-08,ORD-08-012,2025-04-26,single_needle,2025-04-26T09:23:00+00:00,58,timing_adjustment,True,train,synthetic
DOWN-000441,FAC-001,LINE-08,ORD-08-013,2025-04-29,flatlock,2025-04-29T12:02:00+00:00,58,needle_damage,True,train,synthetic
DOWN-000442,FAC-001,LINE-08,ORD-08-013,2025-04-30,bartack,2025-04-30T08:12:00+00:00,11,preventive_maintenance,True,train,synthetic
DOWN-000443,FAC-001,LINE-08,ORD-08-013,2025-04-30,overlock,2025-04-30T11:28:00+00:00,72,preventive_maintenance,True,train,synthetic
DOWN-000444,FAC-001,LINE-08,ORD-08-013,2025-05-01,cutting_machine,2025-05-01T15:04:00+00:00,44,timing_adjustment,True,validation,synthetic
DOWN-000445,FAC-001,LINE-08,ORD-08-014,2025-05-17,flatlock,2025-05-17T14:21:00+00:00,32,power_interruption,True,validation,synthetic
DOWN-000446,FAC-001,LINE-08,ORD-08-015,2025-05-19,flatlock,2025-05-19T14:02:00+00:00,31,power_interruption,True,validation,synthetic
DOWN-000447,FAC-001,LINE-08,ORD-08-015,2025-05-20,single_needle,2025-05-20T16:06:00+00:00,17,power_interruption,True,validation,synthetic
DOWN-000448,FAC-001,LINE-08,ORD-08-015,2025-05-20,flatlock,2025-05-20T09:21:00+00:00,95,needle_damage,True,validation,synthetic
DOWN-000449,FAC-001,LINE-08,ORD-08-015,2025-05-21,iron,2025-05-21T09:03:00+00:00,43,power_interruption,True,validation,synthetic
DOWN-000450,FAC-001,LINE-08,ORD-08-015,2025-05-21,single_needle,2025-05-21T15:13:00+00:00,22,power_interruption,True,validation,synthetic
DOWN-000451,FAC-001,LINE-08,ORD-08-015,2025-05-24,single_needle,2025-05-24T08:23:00+00:00,27,preventive_maintenance,True,validation,synthetic
DOWN-000452,FAC-001,LINE-08,ORD-08-015,2025-05-24,button_hole,2025-05-24T11:19:00+00:00,32,preventive_maintenance,True,validation,synthetic
DOWN-000453,FAC-001,LINE-08,ORD-08-016,2025-06-04,bartack,2025-06-04T08:20:00+00:00,17,motor_issue,True,test,synthetic
DOWN-000454,FAC-001,LINE-08,ORD-08-016,2025-06-05,flatlock,2025-06-05T13:15:00+00:00,58,needle_damage,True,test,synthetic
DOWN-000455,FAC-001,LINE-08,ORD-08-016,2025-06-05,bartack,2025-06-05T12:28:00+00:00,46,preventive_maintenance,True,test,synthetic
DOWN-000456,FAC-001,LINE-08,ORD-08-016,2025-06-07,overlock,2025-06-07T08:21:00+00:00,8,thread_break,True,test,synthetic
DOWN-000457,FAC-001,LINE-08,ORD-08-016,2025-06-08,single_needle,2025-06-08T15:02:00+00:00,20,needle_damage,True,test,synthetic
DOWN-000458,FAC-001,LINE-08,ORD-08-016,2025-06-09,bartack,2025-06-09T11:18:00+00:00,22,timing_adjustment,True,test,synthetic
DOWN-000459,FAC-001,LINE-08,ORD-08-016,2025-06-10,flatlock,2025-06-10T10:20:00+00:00,34,timing_adjustment,True,test,synthetic
DOWN-000460,FAC-001,LINE-08,ORD-08-016,2025-06-10,cutting_machine,2025-06-10T16:07:00+00:00,34,power_interruption,True,test,synthetic
DOWN-000461,FAC-001,LINE-08,ORD-08-016,2025-06-12,single_needle,2025-06-12T08:01:00+00:00,8,power_interruption,True,test,synthetic
DOWN-000462,FAC-001,LINE-08,ORD-08-017,2025-06-21,cutting_machine,2025-06-21T12:10:00+00:00,44,thread_break,True,test,synthetic
DOWN-000463,FAC-001,LINE-08,ORD-08-018,2025-06-26,button_attach,2025-06-26T14:23:00+00:00,15,motor_issue,True,test,synthetic
DOWN-000464,FAC-001,LINE-08,ORD-08-018,2025-06-30,flatlock,2025-06-30T10:27:00+00:00,18,power_interruption,True,test,synthetic
